course_year,course_sem,course_taken,course_takenBIN,rec_course,took_recom_course,scaled_score,raw_score,course_start_date,teacher_id,student_id,acceptance_date,acceptance_month,acceptance_monthN,acceptance_late,proj_grad_year,college_experience,college_experienceBIN,proj_grad_sem,midtermgrade,midtermgradeN,finalgrade,finalgradeN,midtermgradePF,midtermgradeBIN,finalgradePF,finalgradeBIN
17,FALL,209,0,112,0,1,1,21-Aug-17,P002014415,3fe89a03,13-Jul-17,Jul,7,0,2018,1,1,SPRING,B+,3.3,F,0,pass,1,fail,0
17,FALL,209,0,112,0,2,2,21-Aug-17,P008616066,3fe322df,14-Jul-17,Jul,7,0,2018,1,1,SPRING,F,0,F,0,fail,0,fail,0
17,FALL,116,0,112,0,4,4,21-Aug-17,P089009198,3fe5dde5,21-Aug-17,Aug,8,0,2018,1,1,SPRING,C,2,F,0,pass,1,fail,0
17,FALL,116,0,112,0,203,5,21-Aug-17,P107131684,3fe9a0d3,14-Jul-17,Jul,7,0,2018,1,1,SUMMER,C,2,F,0,pass,1,fail,0
17,FALL,117,0,112,0,104,5,21-Aug-17,P107180113,3fe6ce17,14-Jul-17,Jul,7,0,2017,0,0,FALL,F,0,W,0.1,fail,0,W,0
17,FALL,112,1,112,1,105,6,21-Aug-17,P107265286,3fe785b9,14-Jul-17,Jul,7,0,2020,3,1,SPRING,D+,1.3,D+,1.3,fail,0,fail,0
17,FALL,117,0,112,0,204,6,21-Aug-17,P107265287,3fe665b7,13-Jul-17,Jul,7,0,2020,3,1,SPRING,C,2,W,0.1,pass,1,W,0
17,FALL,112,1,112,1,7,7,21-Aug-17,P107265286,3fea4ed9,17-Jul-17,Jul,7,0,2020,3,1,SPRING,A+,4.3,A+,4.3,pass,1,pass,1
17,FALL,112,1,112,1,106,7,21-Aug-17,P107265286,3fe7af49,17-Jul-17,Jul,7,0,2018,1,1,SPRING,F,0,W,0.1,fail,0,W,0
17,FALL,116,0,112,0,106,7,21-Aug-17,P107180114,3fe12e5d,17-Jul-17,Jul,7,0,2020,3,1,SPRING,A,4,A,4,pass,1,pass,1
17,FALL,117,0,112,0,106,7,21-Aug-17,P107180113,3fe919d3,17-Jul-17,Jul,7,0,2017,0,0,FALL,F,0,F,0,fail,0,fail,0
17,FALL,209,0,112,0,502,7,21-Aug-17,P100003700,3feea88f,17-Jul-17,Jul,7,0,2017,0,0,FALL,F,0,D-,0.7,fail,0,fail,0
17,FALL,116,0,112,0,305,8,21-Aug-17,P107131684,3fe4ebc9,13-Jul-17,Jul,7,0,2018,1,1,SPRING,A,4,B,3,pass,1,pass,1
17,FALL,116,0,112,0,404,8,21-Aug-17,P107180114,3fedd4ff,18-Jul-17,Jul,7,0,2017,0,0,FALL,F,0,F,0,fail,0,fail,0
17,FALL,209,0,112,0,107,8,21-Aug-17,P107265288,3fe908d5,18-Jul-17,Jul,7,0,2020,3,1,SPRING,B+,3.3,B,3,pass,1,pass,1
17,FALL,209,0,112,0,107,8,21-Aug-17,P107265288,3fe6973f,18-Jul-17,Jul,7,0,2020,3,1,SPRING,D,1,D,1,fail,0,fail,0
17,FALL,112,1,112,1,405,9,21-Aug-17,P107265286,3fe8c0ff,18-Jul-17,Jul,7,0,2020,3,1,SPRING,D+,1.3,C-,1.7,fail,0,pass,1
17,FALL,112,1,112,1,405,9,21-Aug-17,P107265286,3fec331b,17-Jul-17,Jul,7,0,2020,3,1,SPRING,D+,1.3,F,0,fail,0,fail,0
17,FALL,116,0,112,0,504,9,21-Aug-17,P089009198,3fe93a71,18-Jul-17,Jul,7,0,2018,1,1,SPRING,B,3,A,4,pass,1,pass,1
17,FALL,116,0,112,0,306,9,21-Aug-17,P107265287,3fe91b9f,18-Aug-17,Aug,8,0,2018,1,1,SUMMER,D,1,C,2,fail,0,pass,1
17,FALL,116,0,112,0,405,9,21-Aug-17,P107180114,3fe9dd2d,17-Jul-17,Jul,7,0,2018,1,1,SPRING,B,3,C,2,pass,1,pass,1
17,FALL,209,0,112,0,405,9,21-Aug-17,P107265288,3fed6b2d,31-Aug-17,Aug,8,0,2017,0,0,FALL,,,W,0.1,,,W,0
17,FALL,209,0,112,0,505,10,21-Aug-17,P002014415,3fe8c479,14-Jul-17,Jul,7,0,2018,1,1,SPRING,A,4,A,4,pass,1,pass,1
17,FALL,209,0,112,0,505,10,21-Aug-17,P089003876,3fe8c479,14-Jul-17,Jul,7,0,2018,1,1,SPRING,A,4,A,4,pass,1,pass,1
17,FALL,209,0,112,0,406,10,21-Aug-17,P002014415,3fe348ff,13-Jul-17,Jul,7,0,2018,1,1,SPRING,C-,1.7,D,1,pass,1,fail,0
17,FALL,209,0,112,0,307,10,21-Aug-17,P093001886,3fe3225d,28-Jul-17,Jul,7,0,2019,2,1,SPRING,F,0,C-,1.7,fail,0,pass,1
17,FALL,209,0,112,0,307,10,21-Aug-17,P107265288,3fed356d,18-Jul-17,Jul,7,0,2018,1,1,SPRING,F,0,D,1,fail,0,fail,0
17,FALL,209,0,112,0,406,10,21-Aug-17,P107266245,3fe4c67b,18-Jul-17,Jul,7,0,2018,1,1,SPRING,F,0,F,0,fail,0,fail,0
17,FALL,112,1,112,1,407,11,21-Aug-17,P107265286,3fe1ca43,17-Jul-17,Jul,7,0,2017,0,0,FALL,D+,1.3,W,0.1,fail,0,W,0
17,FALL,112,1,112,1,506,11,21-Aug-17,P107265286,3fea315b,17-Jul-17,Jul,7,0,2018,1,1,SPRING,D,1,C-,1.7,fail,0,pass,1
17,FALL,112,1,112,1,308,11,21-Aug-17,P107265286,3fe6e1a9,17-Jul-17,Jul,7,0,2018,1,1,SPRING,C+,2.3,D+,1.3,pass,1,fail,0
17,FALL,112,1,112,1,506,11,21-Aug-17,P107265286,3fe37451,17-Jul-17,Jul,7,0,2018,1,1,FALL,C+,2.3,C,2,pass,1,pass,1
17,FALL,112,1,112,1,407,11,21-Aug-17,P107265286,3fe6333f,17-Jul-17,Jul,7,0,2019,2,1,SPRING,D+,1.3,C,2,fail,0,pass,1
17,FALL,112,1,112,1,506,11,21-Aug-17,P107265286,3fe1d3d5,18-Jul-17,Jul,7,0,2018,1,1,SPRING,C,2,C,2,pass,1,pass,1
17,FALL,112,1,112,1,407,11,21-Aug-17,P107265286,3fd93b17,13-Jul-17,Jul,7,0,2018,1,1,SUMMER,F,0,W,0.1,fail,0,W,0
17,FALL,116,0,112,0,704,11,21-Aug-17,P089009198,3fe9447b,18-Jul-17,Jul,7,0,2018,1,1,SPRING,C,2,D,1,pass,1,fail,0
17,FALL,116,0,112,0,605,11,21-Aug-17,P107265287,3fe8c0f5,14-Jul-17,Jul,7,0,2018,1,1,SPRING,F,0,F,0,fail,0,fail,0
17,FALL,116,0,112,0,308,11,21-Aug-17,P107180114,3fe3db17,19-Jul-17,Jul,7,0,2018,1,1,SPRING,B,3,C,2,pass,1,pass,1
17,FALL,209,0,112,0,506,11,21-Aug-17,P002014415,3fe272ef,14-Jul-17,Jul,7,0,2019,2,1,SPRING,D,1,F,0,fail,0,fail,0
17,FALL,209,0,120,0,803,11,21-Aug-17,P002014415,3fd98883,12-Jul-17,Jul,7,0,2019,2,1,FALL,B-,2.7,C+,2.3,pass,1,pass,1
17,FALL,209,0,115,0,209,11,21-Aug-17,P100021964,3fe8c023,17-Jul-17,Jul,7,0,2020,3,1,SPRING,C,2,F,0,pass,1,fail,0
17,FALL,209,0,112,0,506,11,21-Aug-17,P093001886,3fe5df25,21-Aug-17,Aug,8,0,2019,2,1,SPRING,F,0,D-,0.7,fail,0,fail,0
17,FALL,209,0,112,0,407,11,21-Aug-17,P100003700,3fe9a565,13-Jul-17,Jul,7,0,2018,1,1,SPRING,D+,1.3,C-,1.7,fail,0,pass,1
17,FALL,209,0,112,0,506,11,21-Aug-17,P100003700,3fe3dc7f,17-Jul-17,Jul,7,0,2020,3,1,SPRING,D,1,D-,0.7,fail,0,fail,0
17,FALL,112,1,112,1,507,12,21-Aug-17,P107265286,3fe6ffe5,14-Jul-17,Jul,7,0,2017,0,0,FALL,B-,2.7,C,2,pass,1,pass,1
17,FALL,112,1,112,1,705,12,21-Aug-17,P107265286,3fe75e95,13-Jul-17,Jul,7,0,2018,1,1,SPRING,F,0,D-,0.7,fail,0,fail,0
17,FALL,112,1,112,1,507,12,21-Aug-17,P107265286,3fda9327,19-Jul-17,Jul,7,0,2018,1,1,SPRING,B,3,C,2,pass,1,pass,1
17,FALL,115,0,112,0,705,12,21-Aug-17,P107180113,3fe87c03,17-Jul-17,Jul,7,0,2018,1,1,SPRING,F,0,F,0,fail,0,fail,0
17,FALL,116,0,115,0,309,12,21-Aug-17,P089009198,3fd89a63,14-Jul-17,Jul,7,0,2020,3,1,SPRING,A,4,B,3,pass,1,pass,1
17,FALL,116,0,112,0,507,12,21-Aug-17,P107265287,3fea1ddd,21-Aug-17,Aug,8,0,2017,0,0,FALL,D,1,F,0,fail,0,fail,0
17,FALL,116,0,112,0,408,12,21-Aug-17,P107180114,3fe646e5,17-Jul-17,Jul,7,0,2018,1,1,FALL,A,4,B,3,pass,1,pass,1
17,FALL,117,0,115,0,111,12,21-Aug-17,P107265286,3febeefb,22-Aug-17,Aug,8,0,2018,1,1,FALL,B-,2.7,D-,0.7,pass,1,fail,0
17,FALL,209,0,112,0,408,12,21-Aug-17,P002014415,3fda4291,17-Jul-17,Jul,7,0,2020,3,1,SPRING,C,2,C-,1.7,pass,1,pass,1
17,FALL,209,0,112,0,507,12,21-Aug-17,P002014415,3fe28d1b,14-Jul-17,Jul,7,0,2018,1,1,SPRING,C-,1.7,F,0,pass,1,fail,0
17,FALL,209,0,112,0,606,12,21-Aug-17,P002014415,3fe8bf0b,18-Aug-17,Aug,8,0,2017,0,0,FALL,C,2,W,0.1,pass,1,W,0
17,FALL,209,0,112,0,408,12,21-Aug-17,P089003876,3fda4291,17-Jul-17,Jul,7,0,2020,3,1,SPRING,C,2,C-,1.7,pass,1,pass,1
17,FALL,209,0,112,0,507,12,21-Aug-17,P089003876,3fe28d1b,14-Jul-17,Jul,7,0,2018,1,1,SPRING,C-,1.7,F,0,pass,1,fail,0
17,FALL,209,0,112,0,606,12,21-Aug-17,P089003876,3fe8bf0b,18-Aug-17,Aug,8,0,2017,0,0,FALL,C,2,W,0.1,pass,1,W,0
17,FALL,209,0,112,0,408,12,21-Aug-17,P100003700,3fe34571,13-Jul-17,Jul,7,0,2018,1,1,FALL,C,2,C,2,pass,1,pass,1
17,FALL,209,0,112,0,507,12,21-Aug-17,P107265288,3fe35c91,14-Jul-17,Jul,7,0,2018,1,1,SPRING,C+,2.3,D,1,pass,1,fail,0
17,FALL,209,0,112,0,408,12,21-Aug-17,P107265288,3fe9f605,19-Jul-17,Jul,7,0,2020,3,1,SPRING,C+,2.3,C,2,pass,1,pass,1
17,FALL,112,1,112,1,508,13,21-Aug-17,P107265286,3fd780c9,17-Jul-17,Jul,7,0,2020,3,1,SPRING,A-,3.7,B,3,pass,1,pass,1
17,FALL,112,1,112,1,607,13,21-Aug-17,P107265286,3fe611f7,18-Jul-17,Jul,7,0,2018,1,1,SPRING,D+,1.3,C-,1.7,fail,0,pass,1
17,FALL,112,1,112,1,706,13,21-Aug-17,P107265286,3fe2ccbd,17-Jul-17,Jul,7,0,2020,3,1,SPRING,F,0,W,0.1,fail,0,W,0
17,FALL,112,1,112,1,706,13,21-Aug-17,P107265286,3fe67b83,18-Jul-17,Jul,7,0,2020,3,1,SPRING,C+,2.3,C-,1.7,pass,1,pass,1
17,FALL,209,0,115,0,310,13,21-Aug-17,P002014415,3fe1d051,16-Aug-17,Aug,8,0,2020,3,1,SPRING,D,1,C,2,fail,0,pass,1
17,FALL,209,0,115,0,310,13,21-Aug-17,P089003876,3fe1d051,16-Aug-17,Aug,8,0,2020,3,1,SPRING,D,1,C,2,fail,0,pass,1
17,FALL,209,0,115,0,409,13,21-Aug-17,P002014415,3fe68245,13-Jul-17,Jul,7,0,2018,1,1,SPRING,B+,3.3,B,3,pass,1,pass,1
17,FALL,209,0,115,0,409,13,21-Aug-17,P100021964,3fe8a007,17-Jul-17,Jul,7,0,2019,2,1,SPRING,F,0,W,0.1,fail,0,W,0
17,FALL,209,0,115,0,310,13,21-Aug-17,P093001886,3fecd073,3-Aug-17,Aug,8,0,2020,3,1,SPRING,,,W,0.1,,,W,0
17,FALL,209,0,112,0,508,13,21-Aug-17,P093001886,3fd67e77,14-Jul-17,Jul,7,0,2017,0,0,FALL,D,1,W,0.1,fail,0,W,0
17,FALL,209,0,115,0,409,13,21-Aug-17,P008616066,3fec421b,14-Jul-17,Jul,7,0,2018,1,1,SPRING,F,0,W,0.1,fail,0,W,0
17,FALL,209,0,112,0,607,13,21-Aug-17,P100003700,3fe633b7,17-Jul-17,Jul,7,0,2020,3,1,SPRING,B,3,C,2,pass,1,pass,1
17,FALL,209,0,115,0,310,13,21-Aug-17,P107265288,3fe5633d,18-Jul-17,Jul,7,0,2020,3,1,SPRING,C+,2.3,D,1,pass,1,fail,0
17,FALL,209,0,115,0,211,13,21-Aug-17,P107265288,3fe56207,17-Jul-17,Jul,7,0,2017,0,0,FALL,A,4,C,2,pass,1,pass,1
17,FALL,209,0,115,0,310,13,21-Aug-17,P107265288,3fe597f9,17-Jul-17,Jul,7,0,2018,1,1,FALL,B,3,D,1,pass,1,fail,0
17,FALL,209,0,112,0,706,13,21-Aug-17,P107265288,3fe3c5e1,19-Jul-17,Jul,7,0,2018,1,1,SPRING,C,2,C,2,pass,1,pass,1
17,FALL,209,0,112,0,508,13,21-Aug-17,P107265288,3fd9a4d5,18-Jul-17,Jul,7,0,2018,1,1,SPRING,C+,2.3,D,1,pass,1,fail,0
17,FALL,112,1,112,1,608,14,21-Aug-17,P107265286,3fe6e7cb,14-Jul-17,Jul,7,0,2017,0,0,FALL,A,4,A,4,pass,1,pass,1
17,FALL,115,0,115,1,509,14,21-Aug-17,P107180113,3fe8f0a7,22-Aug-17,Aug,8,0,2017,0,0,FALL,F,0,F,0,fail,0,fail,0
17,FALL,115,0,115,1,212,14,21-Aug-17,P107131684,3fe24eb9,14-Jul-17,Jul,7,0,2017,0,0,FALL,A,4,C,2,pass,1,pass,1
17,FALL,115,0,115,1,311,14,21-Aug-17,P008616066,3fe2ee7d,17-Jul-17,Jul,7,0,2018,1,1,FALL,C-,1.7,C,2,pass,1,pass,1
17,FALL,115,0,112,0,707,14,21-Aug-17,P008616066,3feb06a3,27-Jul-17,Jul,7,0,2020,3,1,SPRING,F,0,W,0.1,fail,0,W,0
17,FALL,116,0,112,0,707,14,21-Aug-17,P107131684,3fea0dcf,13-Jul-17,Jul,7,0,2017,0,0,FALL,F,0,W,0.1,fail,0,W,0
17,FALL,116,0,112,0,707,14,21-Aug-17,P107131684,3fe3829d,23-Aug-17,Aug,8,0,2018,1,1,SPRING,C,2,F,0,pass,1,fail,0
17,FALL,116,0,115,0,410,14,21-Aug-17,P089009198,3fe30d9f,18-Jul-17,Jul,7,0,2020,3,1,SPRING,A,4,A,4,pass,1,pass,1
17,FALL,116,0,112,0,707,14,21-Aug-17,P089009198,3fea0cdf,2-Aug-17,Aug,8,0,2020,3,1,SPRING,C,2,B,3,pass,1,pass,1
17,FALL,116,0,115,0,509,14,21-Aug-17,P107265287,3fe5ba95,18-Jul-17,Jul,7,0,2018,1,1,FALL,B,3,B,3,pass,1,pass,1
17,FALL,116,0,115,0,410,14,21-Aug-17,P107180114,3fe6edcf,17-Jul-17,Jul,7,0,2020,3,1,SPRING,A,4,A,4,pass,1,pass,1
17,FALL,117,0,120,0,806,14,21-Aug-17,P107180113,3fea3d6d,17-Jul-17,Jul,7,0,2020,3,1,SPRING,,,W,0.1,,,W,0
17,FALL,117,0,120,0,806,14,21-Aug-17,P107265286,3fd8023d,3-Aug-17,Aug,8,0,2019,2,1,FALL,B,3,C+,2.3,pass,1,pass,1
17,FALL,120,0,115,0,509,14,21-Aug-17,P089003876,3fe93a67,8-Aug-17,Aug,8,0,2020,3,1,SPRING,,,W,0.1,,,W,0
17,FALL,120,0,115,0,509,14,21-Aug-17,P093001886,3fe93a67,8-Aug-17,Aug,8,0,2020,3,1,SPRING,,,W,0.1,,,W,0
17,FALL,209,0,115,0,509,14,21-Aug-17,P100021964,3fe1c309,14-Jul-17,Jul,7,0,2018,1,1,FALL,,,W,0.1,,,W,0
17,FALL,209,0,115,0,509,14,21-Aug-17,P100003700,3fe203f5,23-Aug-17,Aug,8,0,2018,1,1,SPRING,F,0,F,0,fail,0,fail,0
17,FALL,209,0,112,0,608,14,21-Aug-17,P100003700,3fe76165,14-Jul-17,Jul,7,0,2018,1,1,SPRING,C-,1.7,D-,0.7,pass,1,fail,0
17,FALL,209,0,115,0,509,14,21-Aug-17,P107265288,3fe6d489,14-Aug-17,Aug,8,0,2020,3,1,SPRING,B-,2.7,D,1,pass,1,fail,0
17,FALL,209,0,115,0,311,14,21-Aug-17,P107265288,3fdd909f,17-Jul-17,Jul,7,0,2018,1,1,SPRING,F,0,W,0.1,fail,0,W,0
17,FALL,112,1,112,1,708,15,21-Aug-17,P107265286,3fe99aa7,17-Jul-17,Jul,7,0,2020,3,1,SPRING,C,2,C+,2.3,pass,1,pass,1
17,FALL,115,0,115,1,609,15,21-Aug-17,P107180113,3fe688ad,17-Jul-17,Jul,7,0,2020,3,1,SPRING,F,0,F,0,fail,0,fail,0
17,FALL,115,0,115,1,411,15,21-Aug-17,P107131684,3fe76313,14-Jul-17,Jul,7,0,2020,3,1,SPRING,B+,3.3,B-,2.7,pass,1,pass,1
17,FALL,115,0,115,1,609,15,21-Aug-17,P107131684,3fe8757d,19-Jul-17,Jul,7,0,2019,2,1,SPRING,A+,4.3,A+,4.3,pass,1,pass,1
17,FALL,115,0,115,1,510,15,21-Aug-17,P008616066,3fdcc4c1,14-Jul-17,Jul,7,0,2020,3,1,SPRING,C,2,C,2,pass,1,pass,1
17,FALL,116,0,115,0,411,15,21-Aug-17,P107131684,3fe64857,14-Jul-17,Jul,7,0,2018,1,1,SPRING,A,4,A+,4.3,pass,1,pass,1
17,FALL,116,0,115,0,510,15,21-Aug-17,P089009198,3fea1c39,13-Jul-17,Jul,7,0,2018,1,1,SPRING,B,3,C,2,pass,1,pass,1
17,FALL,116,0,115,0,609,15,21-Aug-17,P107265287,3fe761e7,17-Jul-17,Jul,7,0,2020,3,1,SPRING,D,1,W,0.1,fail,0,W,0
17,FALL,116,0,112,0,708,15,21-Aug-17,P107265287,3fd80bd9,18-Jul-17,Jul,7,0,2020,3,1,SPRING,B,3,B,3,pass,1,pass,1
17,FALL,116,0,115,0,411,15,21-Aug-17,P107265287,3fe89003,13-Jul-17,Jul,7,0,2018,1,1,SPRING,F,0,F,0,fail,0,fail,0
17,FALL,116,0,115,0,609,15,21-Aug-17,P107265287,3fe3ae3f,18-Jul-17,Jul,7,0,2020,3,1,SPRING,B,3,C,2,pass,1,pass,1
17,FALL,117,0,115,0,411,15,21-Aug-17,P107265286,3fe9d46d,13-Jul-17,Jul,7,0,2020,3,1,SPRING,F,0,D+,1.3,fail,0,fail,0
17,FALL,117,0,115,0,510,15,21-Aug-17,P107180113,3fea19ff,13-Jul-17,Jul,7,0,2017,0,0,FALL,A,4,B,3,pass,1,pass,1
17,FALL,117,0,115,0,609,15,21-Aug-17,P107180113,3fe9dcfb,17-Jul-17,Jul,7,0,2020,3,1,SPRING,C,2,B,3,pass,1,pass,1
17,FALL,117,0,115,0,510,15,21-Aug-17,P107265286,3fe2a8ff,14-Jul-17,Jul,7,0,2020,3,1,SPRING,A,4,A,4,pass,1,pass,1
17,FALL,209,0,115,0,510,15,21-Aug-17,P002014415,3fe08ccd,17-Jul-17,Jul,7,0,2020,3,1,SPRING,C,2,C,2,pass,1,pass,1
17,FALL,209,0,115,0,510,15,21-Aug-17,P089003876,3fe08ccd,17-Jul-17,Jul,7,0,2020,3,1,SPRING,C,2,C,2,pass,1,pass,1
17,FALL,209,0,115,0,411,15,21-Aug-17,P002014415,3ba4388f,14-Aug-17,Aug,8,0,2018,1,1,SPRING,F,0,F,0,fail,0,fail,0
17,FALL,209,0,115,0,609,15,21-Aug-17,P100003700,3fe59e61,17-Jul-17,Jul,7,0,2020,3,1,SPRING,F,0,F,0,fail,0,fail,0
17,FALL,209,0,115,0,411,15,21-Aug-17,P100003700,3fe64677,23-Aug-17,Aug,8,0,2018,1,1,SPRING,D+,1.3,D,1,fail,0,fail,0
17,FALL,209,0,115,0,609,15,21-Aug-17,P107265288,3fe5e64b,18-Aug-17,Aug,8,0,2018,1,1,SPRING,C,2,F,0,pass,1,fail,0
17,FALL,209,0,115,0,510,15,21-Aug-17,P107265288,3fea0ee7,17-Jul-17,Jul,7,0,2020,3,1,SPRING,A,4,B,3,pass,1,pass,1
17,FALL,209,0,115,0,609,15,21-Aug-17,P107266245,3fea4f15,23-Aug-17,Aug,8,0,2018,1,1,SPRING,C,2,B,3,pass,1,pass,1
17,FALL,209,0,112,0,708,15,21-Aug-17,P107266245,3fe93481,18-Jul-17,Jul,7,0,2018,1,1,SPRING,F,0,F,0,fail,0,fail,0
17,FALL,115,0,115,1,610,16,21-Aug-17,P107180113,3fe64785,14-Jul-17,Jul,7,0,2018,1,1,SPRING,F,0,F,0,fail,0,fail,0
17,FALL,115,0,115,1,412,16,21-Aug-17,P107131684,3fe6cf2f,19-Jul-17,Jul,7,0,2020,3,1,SPRING,B+,3.3,B-,2.7,pass,1,pass,1
17,FALL,115,0,115,1,313,16,21-Aug-17,P008616066,3fe9c2b1,13-Jul-17,Jul,7,0,2020,3,1,SPRING,B,3,A,4,pass,1,pass,1
17,FALL,115,0,115,1,709,16,21-Aug-17,P008616066,3fe801ab,17-Jul-17,Jul,7,0,2017,0,0,FALL,,,W,0.1,,,W,0
17,FALL,115,0,115,1,709,16,21-Aug-17,P008616066,3fd8232b,18-Jul-17,Jul,7,0,2020,3,1,SPRING,D,1,W,0.1,fail,0,W,0
17,FALL,115,0,115,1,511,16,21-Aug-17,P008616066,3fdfdf71,17-Jul-17,Jul,7,0,2017,0,0,FALL,D-,0.7,F,0,fail,0,fail,0
17,FALL,115,0,115,1,709,16,21-Aug-17,P008616066,3fe9f65f,14-Jul-17,Jul,7,0,2018,1,1,SPRING,F,0,F,0,fail,0,fail,0
17,FALL,116,0,115,0,709,16,21-Aug-17,P107131684,3fe6e465,18-Aug-17,Aug,8,0,2018,1,1,SPRING,F,0,F,0,fail,0,fail,0
17,FALL,116,0,115,0,511,16,21-Aug-17,P107131684,3fe57a8f,12-Jul-17,Jul,7,0,2020,3,1,SPRING,,,W,0.1,,,W,0
17,FALL,116,0,115,0,511,16,21-Aug-17,P107180114,3fe76bc9,18-Jul-17,Jul,7,0,2020,3,1,SPRING,B,3,D,1,pass,1,fail,0
17,FALL,116,0,115,0,511,16,21-Aug-17,P107180114,3fe327df,18-Jul-17,Jul,7,0,2020,3,1,SPRING,,,W,0.1,,,W,0
17,FALL,117,0,115,0,412,16,21-Aug-17,P107265286,3fe6378b,18-Jul-17,Jul,7,0,2020,3,1,SPRING,F,0,W,0.1,fail,0,W,0
17,FALL,120,0,115,0,610,16,21-Aug-17,P107265287,3fdefd77,14-Jul-17,Jul,7,0,2020,3,1,SPRING,D,1,C,2,fail,0,pass,1
17,FALL,209,0,115,0,313,16,21-Aug-17,P002014415,3fe6e163,14-Jul-17,Jul,7,0,2017,0,0,FALL,,,W,0.1,,,W,0
17,FALL,209,0,115,0,709,16,21-Aug-17,P002014415,3fd84531,17-Jul-17,Jul,7,0,2017,0,0,FALL,F,0,F,0,fail,0,fail,0
17,FALL,209,0,115,0,313,16,21-Aug-17,P089003876,3fe6e163,14-Jul-17,Jul,7,0,2017,0,0,FALL,,,W,0.1,,,W,0
17,FALL,209,0,115,0,709,16,21-Aug-17,P089003876,3fd84531,17-Jul-17,Jul,7,0,2017,0,0,FALL,F,0,F,0,fail,0,fail,0
17,FALL,209,0,115,0,709,16,21-Aug-17,P002014415,3fea5c85,13-Jul-17,Jul,7,0,2020,3,1,SPRING,B+,3.3,B,3,pass,1,pass,1
17,FALL,209,0,115,0,709,16,21-Aug-17,P008616066,3fe67d4f,13-Jul-17,Jul,7,0,2020,3,1,SPRING,B,3,C-,1.7,pass,1,pass,1
17,FALL,209,0,115,0,511,16,21-Aug-17,P100003700,3fe811b9,17-Jul-17,Jul,7,0,2018,1,1,FALL,F,0,F,0,fail,0,fail,0
17,FALL,209,0,115,0,511,16,21-Aug-17,P107265288,3fe3dac7,17-Jul-17,Jul,7,0,2020,3,1,SPRING,D,1,D,1,fail,0,fail,0
17,FALL,115,0,115,1,512,17,21-Aug-17,P107180113,3fd89045,13-Jul-17,Jul,7,0,2018,1,1,SPRING,F,0,F,0,fail,0,fail,0
17,FALL,115,0,115,1,710,17,21-Aug-17,P107131684,3fe62935,14-Jul-17,Jul,7,0,2020,3,1,SPRING,A+,4.3,A+,4.3,pass,1,pass,1
17,FALL,115,0,115,1,413,17,21-Aug-17,P107131684,3fea5c53,17-Jul-17,Jul,7,0,2020,3,1,SPRING,A-,3.7,B,3,pass,1,pass,1
17,FALL,116,0,120,0,908,17,21-Aug-17,P107131684,3febfd47,12-Jul-17,Jul,7,0,2020,3,1,SPRING,A,4,A+,4.3,pass,1,pass,1
17,FALL,116,0,120,0,809,17,21-Aug-17,P107131684,3fe7e2f7,18-Aug-17,Aug,8,0,2018,1,1,SUMMER,B,3,C,2,pass,1,pass,1
17,FALL,116,0,115,0,512,17,21-Aug-17,P089009198,3fe6aac7,14-Jul-17,Jul,7,0,2018,1,1,SPRING,C,2,A,4,pass,1,pass,1
17,FALL,116,0,120,0,809,17,21-Aug-17,P107180114,3fdb0465,17-Jul-17,Jul,7,0,2018,1,1,SPRING,B,3,D,1,pass,1,fail,0
17,FALL,117,0,115,0,413,17,21-Aug-17,P107265287,3fee3071,14-Jul-17,Jul,7,0,2018,1,1,SPRING,F,0,F,0,fail,0,fail,0
17,FALL,117,0,115,0,710,17,21-Aug-17,P107265286,3fe178d1,17-Jul-17,Jul,7,0,2018,1,1,SPRING,C+,2.3,D+,1.3,pass,1,fail,0
17,FALL,120,0,120,1,1007,17,21-Aug-17,P100021964,3fe89585,24-Aug-17,Aug,8,0,2020,3,1,SPRING,C,2,C-,1.7,pass,1,pass,1
17,FALL,209,0,120,0,908,17,21-Aug-17,P002014415,3fed7807,12-Jul-17,Jul,7,0,2020,3,1,SPRING,A-,3.7,A,4,pass,1,pass,1
17,FALL,209,0,115,0,413,17,21-Aug-17,P002014415,3fea216b,4-Aug-17,Aug,8,0,2019,2,1,SPRING,B,3,B-,2.7,pass,1,pass,1
17,FALL,209,0,120,0,809,17,21-Aug-17,P100021964,3fe55717,17-Jul-17,Jul,7,0,2018,1,1,SPRING,F,0,F,0,fail,0,fail,0
17,FALL,209,0,115,0,611,17,21-Aug-17,P100003700,3fe78ad7,17-Jul-17,Jul,7,0,2018,1,1,SPRING,F,0,F,0,fail,0,fail,0
17,FALL,209,0,115,0,512,17,21-Aug-17,P107265288,3fe32875,17-Jul-17,Jul,7,0,2018,1,1,SPRING,B-,2.7,D,1,pass,1,fail,0
17,FALL,115,0,120,0,810,18,21-Aug-17,P107180113,3fdbd809,21-Aug-17,Aug,8,0,2020,3,1,SPRING,F,0,D,1,fail,0,fail,0
17,FALL,115,0,115,1,315,18,21-Aug-17,P107180113,3fe7e4cd,13-Jul-17,Jul,7,0,2020,3,1,SPRING,,,W,0.1,,,W,0
17,FALL,115,0,115,1,513,18,21-Aug-17,P107131684,3fe61dff,18-Jul-17,Jul,7,0,2020,3,1,SPRING,A+,4.3,A+,4.3,pass,1,pass,1
17,FALL,115,0,120,0,810,18,21-Aug-17,P107131684,3fe0b8f1,27-Sep-17,Sep,9,0,2018,1,1,SPRING,B-,2.7,C-,1.7,pass,1,pass,1
17,FALL,115,0,115,1,711,18,21-Aug-17,P008616066,3fea40b5,13-Jul-17,Jul,7,0,2020,3,1,SPRING,D,1,C-,1.7,fail,0,pass,1
17,FALL,115,0,115,1,513,18,21-Aug-17,P008616066,3fe78b81,22-Aug-17,Aug,8,0,2020,3,1,SPRING,A,4,A+,4.3,pass,1,pass,1
17,FALL,116,0,115,0,612,18,21-Aug-17,P107131684,3fd84bb7,14-Jul-17,Jul,7,0,2020,3,1,SPRING,A,4,B,3,pass,1,pass,1
17,FALL,116,0,115,0,612,18,21-Aug-17,P107265287,3fda4fcf,18-Jul-17,Jul,7,0,2018,1,1,SPRING,A,4,A,4,pass,1,pass,1
17,FALL,116,0,115,0,612,18,21-Aug-17,P107265287,3fe57d73,18-Jul-17,Jul,7,0,2017,0,0,FALL,A,4,A,4,pass,1,pass,1
17,FALL,117,0,115,0,711,18,21-Aug-17,P107180113,3fe2bb01,17-Jul-17,Jul,7,0,2018,1,1,SPRING,F,0,F,0,fail,0,fail,0
17,FALL,120,0,115,0,513,18,21-Aug-17,P100021964,3fe8ee77,21-Aug-17,Aug,8,0,2018,1,1,FALL,D-,0.7,F,0,fail,0,fail,0
17,FALL,120,0,120,1,810,18,21-Aug-17,P093001886,3fda85b7,17-Jul-17,Jul,7,0,2020,3,1,SPRING,C,2,C+,2.3,pass,1,pass,1
17,FALL,209,0,115,0,513,18,21-Aug-17,P002014415,3fe26683,23-Aug-17,Aug,8,0,2020,3,1,SPRING,B,3,B,3,pass,1,pass,1
17,FALL,209,0,115,0,513,18,21-Aug-17,P089003876,3fe26683,23-Aug-17,Aug,8,0,2020,3,1,SPRING,B,3,B,3,pass,1,pass,1
17,FALL,209,0,120,0,1008,18,21-Aug-17,P002014415,3fe61143,13-Jul-17,Jul,7,0,2020,3,1,SPRING,D,1,C-,1.7,fail,0,pass,1
17,FALL,209,0,115,0,711,18,21-Aug-17,P100021964,3fe247d9,2-Aug-17,Aug,8,0,2018,1,1,SPRING,F,0,F,0,fail,0,fail,0
17,FALL,209,0,115,0,612,18,21-Aug-17,P100021964,3fda0df3,14-Jul-17,Jul,7,0,2018,1,1,SPRING,B,3,B,3,pass,1,pass,1
17,FALL,209,0,115,0,711,18,21-Aug-17,P100021964,3fe91c2b,17-Jul-17,Jul,7,0,2018,1,1,SPRING,F,0,F,0,fail,0,fail,0
17,FALL,209,0,115,0,414,18,21-Aug-17,P008616066,3fe31e9d,14-Jul-17,Jul,7,0,2019,2,1,FALL,C,2,B,3,pass,1,pass,1
17,FALL,209,0,115,0,612,18,21-Aug-17,P100003700,3fe76593,20-Aug-17,Aug,8,0,2020,3,1,SPRING,B-,2.7,C,2,pass,1,pass,1
17,FALL,209,0,115,0,711,18,21-Aug-17,P107265288,3fe7ed8d,22-Aug-17,Aug,8,0,2018,1,1,FALL,F,0,F,0,fail,0,fail,0
17,FALL,209,0,120,0,810,18,21-Aug-17,P107266245,3feeae39,18-Jul-17,Jul,7,0,2018,1,1,FALL,F,0,C,2,fail,0,pass,1
17,FALL,209,0,115,0,711,18,21-Aug-17,P107266245,3fe8c5eb,19-Jul-17,Jul,7,0,2017,0,0,FALL,D,1,C+,2.3,fail,0,pass,1
17,FALL,115,0,115,1,712,19,21-Aug-17,P107180113,3fee2793,18-Aug-17,Aug,8,0,2018,1,1,SPRING,D,1,C,2,fail,0,pass,1
17,FALL,115,0,115,1,712,19,21-Aug-17,P107180113,3fe368ad,17-Jul-17,Jul,7,0,2020,3,1,SPRING,F,0,F,0,fail,0,fail,0
17,FALL,115,0,120,0,910,19,21-Aug-17,P107131684,3fd80387,25-Aug-17,Aug,8,0,2020,3,1,SPRING,A+,4.3,A+,4.3,pass,1,pass,1
17,FALL,115,0,115,1,712,19,21-Aug-17,P107131684,3fe5eeb1,14-Jul-17,Jul,7,0,2017,0,0,FALL,A,4,D-,0.7,pass,1,fail,0
17,FALL,115,0,115,1,712,19,21-Aug-17,P107131684,3fe9b4a1,13-Jul-17,Jul,7,0,2020,3,1,SPRING,B+,3.3,B-,2.7,pass,1,pass,1
17,FALL,116,0,115,0,613,19,21-Aug-17,P107131684,3fe6c6fb,7-Aug-17,Aug,8,0,2020,3,1,SPRING,A,4,A+,4.3,pass,1,pass,1
17,FALL,116,0,120,0,811,19,21-Aug-17,P107131684,3fec645d,14-Jul-17,Jul,7,0,2019,2,1,SPRING,A,4,A+,4.3,pass,1,pass,1
17,FALL,116,0,120,0,811,19,21-Aug-17,P107131684,3fe6bba7,14-Jul-17,Jul,7,0,2020,3,1,SPRING,A,4,A+,4.3,pass,1,pass,1
17,FALL,116,0,120,0,811,19,21-Aug-17,P089009198,3fef5ccb,18-Aug-17,Aug,8,0,2017,0,0,FALL,B,3,D,1,pass,1,fail,0
17,FALL,116,0,120,0,1009,19,21-Aug-17,P089009198,3fe2e2f7,17-Aug-17,Aug,8,0,2020,3,1,SPRING,B,3,C,2,pass,1,pass,1
17,FALL,116,0,115,0,712,19,21-Aug-17,P089009198,3fe4b7f3,20-Aug-17,Aug,8,0,2020,3,1,SPRING,C,2,B,3,pass,1,pass,1
17,FALL,116,0,115,0,613,19,21-Aug-17,P107265287,3fe625e3,4-Aug-17,Aug,8,0,2017,0,0,FALL,C,2,C,2,pass,1,pass,1
17,FALL,116,0,120,0,811,19,21-Aug-17,P107265287,3fe70297,18-Jul-17,Jul,7,0,2020,3,1,SPRING,A,4,B,3,pass,1,pass,1
17,FALL,117,0,120,0,811,19,21-Aug-17,P107265286,3fe1919f,10-Aug-17,Aug,8,0,2018,1,1,SPRING,D-,0.7,F,0,fail,0,fail,0
17,FALL,117,0,115,0,712,19,21-Aug-17,P107265287,3fe61161,3-Aug-17,Aug,8,0,2020,3,1,SPRING,D,1,A,4,fail,0,pass,1
17,FALL,117,0,115,0,712,19,21-Aug-17,P107265287,3fdace41,13-Jul-17,Jul,7,0,2017,0,0,FALL,F,0,W,0.1,fail,0,W,0
17,FALL,117,0,115,0,613,19,21-Aug-17,P107265286,3fef3165,21-Jul-17,Jul,7,0,2019,2,1,FALL,C-,1.7,C-,1.7,pass,1,pass,1
17,FALL,117,0,115,0,514,19,21-Aug-17,P107265286,3fee715d,17-Jul-17,Jul,7,0,2020,3,1,SPRING,C,2,B                                                   -,3,pass,1,pass                                                   -,1
17,FALL,117,0,120,0,910,19,21-Aug-17,P107265286,3fded06d,17-Jul-17,Jul,7,0,2017,0,0,FALL,D+,1.3,D,1,fail,0,fail,0
17,FALL,117,0,120,0,811,19,21-Aug-17,P107265286,3fecec07,17-Jul-17,Jul,7,0,2020,3,1,SPRING,C,2,D,1,pass,1,fail,0
17,FALL,120,0,120,1,811,19,21-Aug-17,P107265287,3fe36a1f,14-Jul-17,Jul,7,0,2017,0,0,FALL,B,3,B,3,pass,1,pass,1
17,FALL,120,0,120,1,910,19,21-Aug-17,P107265287,3fdabb63,14-Jul-17,Jul,7,0,2017,0,0,FALL,F,0,F,0,fail,0,fail,0
17,FALL,209,0,115,0,613,19,21-Aug-17,P100021964,3fed64f7,14-Jul-17,Jul,7,0,2020,3,1,SPRING,C,2,D,1,pass,1,fail,0
17,FALL,209,0,120,0,811,19,21-Aug-17,P093001886,3fe543b7,14-Jul-17,Jul,7,0,2018,1,1,FALL,B,3,B-,2.7,pass,1,pass,1
17,FALL,209,0,115,0,613,19,21-Aug-17,P093001886,3fe7bd95,14-Jul-17,Jul,7,0,2020,3,1,SPRING,F,0,D,1,fail,0,fail,0
17,FALL,209,0,120,0,811,19,21-Aug-17,P100003700,3fe9f88f,17-Jul-17,Jul,7,0,2018,1,1,SPRING,D,1,C,2,fail,0,pass,1
17,FALL,209,0,115,0,613,19,21-Aug-17,P107265288,3fe68849,17-Jul-17,Jul,7,0,2020,3,1,SPRING,B+,3.3,C,2,pass,1,pass,1
17,FALL,209,0,120,0,811,19,21-Aug-17,P107265288,3fe79eb9,14-Jul-17,Jul,7,0,2020,3,1,SPRING,A,4,A,4,pass,1,pass,1
17,FALL,209,0,120,0,910,19,21-Aug-17,P107265288,3fea69cd,17-Jul-17,Jul,7,0,2020,3,1,SPRING,D-,0.7,F,0,fail,0,fail,0
17,FALL,209,0,115,0,712,19,21-Aug-17,P107266245,3feb6ad5,19-Jul-17,Jul,7,0,2020,3,1,SPRING,C,2,B,3,pass,1,pass,1
17,FALL,209,0,115,0,712,19,21-Aug-17,P107266245,3fe99633,19-Jul-17,Jul,7,0,2018,1,1,FALL,C,2,C+,2.3,pass,1,pass,1
17,FALL,209,0,120,0,1108,19,21-Aug-17,P107266245,3fec1c55,18-Jul-17,Jul,7,0,2017,0,0,FALL,D,1,W,0.1,fail,0,W,0
17,FALL,115,0,120,0,1010,20,21-Aug-17,P107180113,3fe8e6e3,13-Jul-17,Jul,7,0,2018,1,1,SPRING,D,1,C,2,fail,0,pass,1
17,FALL,115,0,115,1,614,20,21-Aug-17,P107180113,3fe81de9,13-Jul-17,Jul,7,0,2020,3,1,SPRING,C+,2.3,B,3,pass,1,pass,1
17,FALL,115,0,115,1,713,20,21-Aug-17,P107180113,3fe5dec1,13-Jul-17,Jul,7,0,2019,2,1,SPRING,B,3,B,3,pass,1,pass,1
17,FALL,115,0,120,0,1010,20,21-Aug-17,P107180113,3fe5967d,14-Jul-17,Jul,7,0,2020,3,1,SPRING,C,2,A,4,pass,1,pass,1
17,FALL,115,0,120,0,911,20,21-Aug-17,P008616066,3fe369cf,13-Jul-17,Jul,7,0,2020,3,1,SPRING,B,3,B,3,pass,1,pass,1
17,FALL,116,0,120,0,812,20,21-Aug-17,P107131684,3fe66521,14-Jul-17,Jul,7,0,2018,1,1,SPRING,A,4,A+,4.3,pass,1,pass,1
17,FALL,116,0,120,0,911,20,21-Aug-17,P089009198,3fd90f25,14-Jul-17,Jul,7,0,2017,0,0,FALL,B,3,C,2,pass,1,pass,1
17,FALL,116,0,120,0,1109,20,21-Aug-17,P089009198,3fe398eb,17-Aug-17,Aug,8,0,2020,3,1,SPRING,C,2,F,0,pass,1,fail,0
17,FALL,116,0,120,0,1109,20,21-Aug-17,P107265287,3fe30a89,14-Jul-17,Jul,7,0,2019,2,1,FALL,C,2,A,4,pass,1,pass,1
17,FALL,116,0,120,0,812,20,21-Aug-17,P107180114,3fe6ea73,17-Jul-17,Jul,7,0,2018,1,1,SPRING,B,3,B,3,pass,1,pass,1
17,FALL,117,0,120,0,1010,20,21-Aug-17,P107265286,3fe1c7cd,29-Aug-17,Aug,8,0,2020,3,1,SPRING,C-,1.7,C-,1.7,pass,1,pass,1
17,FALL,117,0,120,0,1010,20,21-Aug-17,P107265286,3fe5d33b,13-Jul-17,Jul,7,0,2020,3,1,SPRING,F,0,D,1,fail,0,fail,0
17,FALL,117,0,115,0,614,20,21-Aug-17,P107265287,3fe6ba5d,17-Jul-17,Jul,7,0,2020,3,1,SPRING,C,2,B,3,pass,1,pass,1
17,FALL,117,0,120,0,812,20,21-Aug-17,P107180113,3fed16ff,23-Aug-17,Aug,8,0,2020,3,1,SPRING,A,4,A,4,pass,1,pass,1
17,FALL,117,0,120,0,911,20,21-Aug-17,P107180113,3fe7873f,14-Jul-17,Jul,7,0,2019,2,1,SPRING,A,4,A,4,pass,1,pass,1
17,FALL,117,0,115,0,713,20,21-Aug-17,P107180113,3fe3200f,17-Jul-17,Jul,7,0,2020,3,1,SPRING,B+,3.3,B,3,pass,1,pass,1
17,FALL,117,0,115,0,614,20,21-Aug-17,P107265286,3fe702c9,31-Jul-17,Jul,7,0,2019,2,1,SPRING,C,2,B                                                   -,3,pass,1,pass                                                   -,1
17,FALL,117,0,120,0,812,20,21-Aug-17,P107265286,3fe30e71,14-Jul-17,Jul,7,0,2018,1,1,FALL,C+,2.3,C-,1.7,pass,1,pass,1
17,FALL,120,0,120,1,812,20,21-Aug-17,P089003876,3fecd6b3,24-Aug-17,Aug,8,0,2018,1,1,SPRING,D-,0.7,D,1,fail,0,fail,0
17,FALL,120,0,120,1,812,20,21-Aug-17,P089003876,3fda8071,13-Jul-17,Jul,7,0,2020,3,1,SPRING,C,2,C+,2.3,pass,1,pass,1
17,FALL,120,0,120,1,812,20,21-Aug-17,P093001886,3fecd6b3,24-Aug-17,Aug,8,0,2018,1,1,SPRING,D-,0.7,D,1,fail,0,fail,0
17,FALL,120,0,120,1,812,20,21-Aug-17,P093001886,3fda8071,13-Jul-17,Jul,7,0,2020,3,1,SPRING,C,2,C+,2.3,pass,1,pass,1
17,FALL,120,0,120,1,1109,20,21-Aug-17,P093001886,3fe66ad5,17-Jul-17,Jul,7,0,2020,3,1,SPRING,,,W,0.1,,,W,0
17,FALL,209,0,115,0,713,20,21-Aug-17,P002014415,3fe7b66f,31-Jul-17,Jul,7,0,2017,0,0,FALL,,,W,0.1,,,W,0
17,FALL,209,0,120,0,911,20,21-Aug-17,P008616066,3fe61071,12-Jul-17,Jul,7,0,2018,1,1,FALL,C,2,C-,1.7,pass,1,pass,1
17,FALL,209,0,120,0,812,20,21-Aug-17,P008616066,3fe6869b,2-Aug-17,Aug,8,0,2020,3,1,SPRING,A,4,A-,3.7,pass,1,pass,1
17,FALL,209,0,120,0,1109,20,21-Aug-17,P100003700,3fe6132d,14-Jul-17,Jul,7,0,2020,3,1,SPRING,C,2,D,1,pass,1,fail,0
17,FALL,209,0,115,0,614,20,21-Aug-17,P100003700,3fe55cfd,17-Jul-17,Jul,7,0,2017,0,0,FALL,A-,3.7,C,2,pass,1,pass,1
17,FALL,209,0,120,0,911,20,21-Aug-17,P100003700,3fea1eff,17-Jul-17,Jul,7,0,2018,1,1,SPRING,B+,3.3,C-,1.7,pass,1,pass,1
17,FALL,209,0,120,0,812,20,21-Aug-17,P100003700,3fe1ef73,27-Jul-17,Jul,7,0,2020,3,1,SPRING,B-,2.7,B,3,pass,1,pass,1
17,FALL,209,0,120,0,812,20,21-Aug-17,P107265288,3fe4116d,18-Jul-17,Jul,7,0,2018,1,1,SPRING,D,1,D,1,fail,0,fail,0
17,FALL,209,0,115,0,614,20,21-Aug-17,P107266245,3fe30949,19-Jul-17,Jul,7,0,2018,1,1,SPRING,,,W,0.1,,,W,0
17,FALL,115,0,120,0,813,21,21-Aug-17,P107180113,3fd81093,17-Jul-17,Jul,7,0,2018,1,1,SPRING,A,4,A,4,pass,1,pass,1
17,FALL,115,0,115,1,615,21,21-Aug-17,P107131684,3fe1fed7,13-Jul-17,Jul,7,0,2020,3,1,SPRING,A+,4.3,A-,3.7,pass,1,pass,1
17,FALL,115,0,115,1,714,21,21-Aug-17,P008616066,3fe48aa3,13-Jul-17,Jul,7,0,2018,1,1,FALL,C,2,C,2,pass,1,pass,1
17,FALL,116,0,120,0,813,21,21-Aug-17,P107131684,3fe35c69,23-Aug-17,Aug,8,0,2020,3,1,SPRING,A,4,A,4,pass,1,pass,1
17,FALL,116,0,120,0,912,21,21-Aug-17,P107131684,3fe363c1,17-Jul-17,Jul,7,0,2018,1,1,SPRING,A,4,C,2,pass,1,pass,1
17,FALL,116,0,120,0,813,21,21-Aug-17,P089009198,3fe6676f,2-Aug-17,Aug,8,0,2017,0,0,FALL,C,2,C,2,pass,1,pass,1
17,FALL,116,0,120,0,912,21,21-Aug-17,P089009198,3fea5451,18-Jul-17,Jul,7,0,2020,3,1,SPRING,B,3,C,2,pass,1,pass,1
17,FALL,116,0,115,0,714,21,21-Aug-17,P107265287,3fe9fc63,13-Jul-17,Jul,7,0,2020,3,1,SPRING,B,3,C,2,pass,1,pass,1
17,FALL,117,0,120,0,912,21,21-Aug-17,P107265286,3fe65563,13-Jul-17,Jul,7,0,2020,3,1,SPRING,B+,3.3,A,4,pass,1,pass,1
17,FALL,117,0,115,0,615,21,21-Aug-17,P107265287,3fdecf4b,14-Jul-17,Jul,7,0,2019,2,1,SPRING,B,3,B,3,pass,1,pass,1
17,FALL,117,0,120,0,1110,21,21-Aug-17,P107180113,3fe6d94d,17-Jul-17,Jul,7,0,2018,1,1,SPRING,B,3,B,3,pass,1,pass,1
17,FALL,117,0,120,0,813,21,21-Aug-17,P107180113,3fd81a43,14-Jul-17,Jul,7,0,2018,1,1,SPRING,B,3,B,3,pass,1,pass,1
17,FALL,117,0,120,0,912,21,21-Aug-17,P107180113,3fe70445,17-Jul-17,Jul,7,0,2019,2,1,FALL,A-,3.7,A,4,pass,1,pass,1
17,FALL,117,0,120,0,912,21,21-Aug-17,P107265286,3fe66bc5,14-Jul-17,Jul,7,0,2019,2,1,FALL,A-,3.7,B,3,pass,1,pass,1
17,FALL,117,0,120,0,912,21,21-Aug-17,P107265286,3fe181f5,24-Jul-17,Jul,7,0,2020,3,1,SPRING,B,3,C-,1.7,pass,1,pass,1
17,FALL,120,0,120,1,912,21,21-Aug-17,P089003876,3fe89f8f,13-Jul-17,Jul,7,0,2020,3,1,SPRING,D,1,F,0,fail,0,fail,0
17,FALL,120,0,120,1,912,21,21-Aug-17,P093001886,3fe89f8f,13-Jul-17,Jul,7,0,2020,3,1,SPRING,D,1,F,0,fail,0,fail,0
17,FALL,120,0,120,1,813,21,21-Aug-17,P100021964,3fe9f975,14-Jul-17,Jul,7,0,2019,2,1,FALL,C,2,D-,0.7,pass,1,fail,0
17,FALL,120,0,120,1,912,21,21-Aug-17,P100021964,3fe80c05,14-Jul-17,Jul,7,0,2018,1,1,FALL,B,3,C,2,pass,1,pass,1
17,FALL,120,0,120,1,813,21,21-Aug-17,P107265287,3fe071ed,14-Jul-17,Jul,7,0,2019,2,1,SPRING,B,3,D,1,pass,1,fail,0
17,FALL,120,0,120,1,813,21,21-Aug-17,P093001886,3fe21eb7,18-Jul-17,Jul,7,0,2020,3,1,SPRING,D,1,D,1,fail,0,fail,0
17,FALL,120,0,120,1,912,21,21-Aug-17,P107265286,3fe950b5,14-Jul-17,Jul,7,0,2017,0,0,FALL,C-,1.7,C-,1.7,pass,1,pass,1
17,FALL,120,0,120,1,813,21,21-Aug-17,P107265286,3fe67af7,13-Jul-17,Jul,7,0,2020,3,1,SPRING,D,1,F,0,fail,0,fail,0
17,FALL,120,0,120,1,912,21,21-Aug-17,P107265286,3feb6cab,18-Jul-17,Jul,7,0,2018,1,1,SPRING,,,W,0.1,,,W,0
17,FALL,209,0,120,0,912,21,21-Aug-17,P002014415,3fe9db1b,14-Jul-17,Jul,7,0,2017,0,0,FALL,F,0,W,0.1,fail,0,W,0
17,FALL,209,0,120,0,912,21,21-Aug-17,P089003876,3fe9db1b,14-Jul-17,Jul,7,0,2017,0,0,FALL,F,0,W,0.1,fail,0,W,0
17,FALL,209,0,115,0,714,21,21-Aug-17,P002014415,3fe58c05,12-Jul-17,Jul,7,0,2020,3,1,SPRING,B,3,C,2,pass,1,pass,1
17,FALL,209,0,115,0,714,21,21-Aug-17,P100021964,3fec0b43,13-Jul-17,Jul,7,0,2018,1,1,SPRING,C-,1.7,C,2,pass,1,pass,1
17,FALL,209,0,120,0,813,21,21-Aug-17,P100021964,3fe32433,14-Jul-17,Jul,7,0,2020,3,1,SPRING,C,2,D,1,pass,1,fail,0
17,FALL,209,0,120,0,813,21,21-Aug-17,P100021964,3fe21697,17-Jul-17,Jul,7,0,2020,3,1,SPRING,F,0,W,0.1,fail,0,W,0
17,FALL,209,0,120,0,1110,21,21-Aug-17,P100021964,3fe892dd,13-Jul-17,Jul,7,0,2020,3,1,SPRING,B,3,B,3,pass,1,pass,1
17,FALL,209,0,115,0,714,21,21-Aug-17,P008616066,3fe0e01f,17-Jul-17,Jul,7,0,2018,1,1,SPRING,F,0,F,0,fail,0,fail,0
17,FALL,209,0,120,0,912,21,21-Aug-17,P107265288,3fe771b9,18-Jul-17,Jul,7,0,2020,3,1,SPRING,A,4,A,4,pass,1,pass,1
17,FALL,209,0,120,0,813,21,21-Aug-17,P107265288,3fe9dc47,17-Jul-17,Jul,7,0,2020,3,1,SPRING,F,0,W,0.1,fail,0,W,0
17,FALL,209,0,120,0,813,21,21-Aug-17,P107266245,3fd87137,18-Jul-17,Jul,7,0,2020,3,1,SPRING,F,0,C,2,fail,0,pass,1
17,FALL,209,0,120,0,813,21,21-Aug-17,P107266245,3fdea075,19-Jul-17,Jul,7,0,2017,0,0,FALL,F,0,W,0.1,fail,0,W,0
17,FALL,115,0,115,1,715,22,21-Aug-17,P107180113,3fe3261d,13-Jul-17,Jul,7,0,2018,1,1,SPRING,B,3,D,1,pass,1,fail,0
17,FALL,115,0,120,0,1111,22,21-Aug-17,P107131684,3fea6a1d,18-Jul-17,Jul,7,0,2018,1,1,SPRING,D,1,W,0.1,fail,0,W,0
17,FALL,116,0,120,0,1111,22,21-Aug-17,P107131684,3fe7b561,13-Jul-17,Jul,7,0,2017,0,0,FALL,F,0,C,2,fail,0,pass,1
17,FALL,116,0,120,0,913,22,21-Aug-17,P107131684,3feea91b,13-Jul-17,Jul,7,0,2020,3,1,SPRING,A,4,A+,4.3,pass,1,pass,1
17,FALL,116,0,120,0,913,22,21-Aug-17,P107131684,3fe327e9,14-Jul-17,Jul,7,0,2017,0,0,FALL,F,0,F,0,fail,0,fail,0
17,FALL,116,0,120,0,913,22,21-Aug-17,P089009198,3fe6e113,13-Jul-17,Jul,7,0,2020,3,1,SPRING,B,3,C,2,pass,1,pass,1
17,FALL,116,0,120,0,1012,22,21-Aug-17,P089009198,3fecc3e9,14-Jul-17,Jul,7,0,2020,3,1,SPRING,C,2,A,4,pass,1,pass,1
17,FALL,116,0,120,0,1111,22,21-Aug-17,P089009198,3fe41249,14-Jul-17,Jul,7,0,2020,3,1,SPRING,C,2,B,3,pass,1,pass,1
17,FALL,116,0,120,0,1012,22,21-Aug-17,P107265287,3fe60879,18-Jul-17,Jul,7,0,2017,0,0,FALL,F,0,W,0.1,fail,0,W,0
17,FALL,116,0,120,0,814,22,21-Aug-17,P107265287,3fe80f9d,18-Jul-17,Jul,7,0,2018,1,1,FALL,C,2,B,3,pass,1,pass,1
17,FALL,117,0,120,0,1210,22,21-Aug-17,P107265286,3fe3ce3d,13-Jul-17,Jul,7,0,2017,0,0,FALL,F,0,F,0,fail,0,fail,0
17,FALL,117,0,120,0,1012,22,21-Aug-17,P107265287,3fd86caf,13-Jul-17,Jul,7,0,2019,2,1,FALL,C,2,D,1,pass,1,fail,0
17,FALL,117,0,120,0,913,22,21-Aug-17,P107265287,3fe11099,13-Jul-17,Jul,7,0,2018,1,1,SPRING,C,2,D,1,pass,1,fail,0
17,FALL,117,0,120,0,913,22,21-Aug-17,P107265287,3fdfab05,14-Jul-17,Jul,7,0,2019,2,1,SPRING,F,0,W,0.1,fail,0,W,0
17,FALL,120,0,120,1,1012,22,21-Aug-17,P100021964,3fe1c101,14-Jul-17,Jul,7,0,2017,0,0,FALL,B,3,W,0.1,pass,1,W,0
17,FALL,120,0,120,1,1210,22,21-Aug-17,P107265287,3fe90119,17-Jul-17,Jul,7,0,2020,3,1,SPRING,D,1,C,2,fail,0,pass,1
17,FALL,120,0,120,1,814,22,21-Aug-17,P107180114,3fed793d,17-Jul-17,Jul,7,0,2019,2,1,SPRING,C,2,C,2,pass,1,pass,1
17,FALL,120,0,120,1,1111,22,21-Aug-17,P093001886,3fe60991,13-Jul-17,Jul,7,0,2019,2,1,SPRING,,,W,0.1,,,W,0
17,FALL,120,0,120,1,913,22,21-Aug-17,P093001886,3fe661bb,17-Jul-17,Jul,7,0,2020,3,1,SPRING,D,1,C,2,fail,0,pass,1
17,FALL,120,0,120,1,814,22,21-Aug-17,P093001886,3fec8145,17-Jul-17,Jul,7,0,2020,3,1,SPRING,B,3,B,3,pass,1,pass,1
17,FALL,120,0,115,0,715,22,21-Aug-17,P093001886,3fe89247,30-Aug-17,Aug,8,0,2020,3,1,SPRING,A,4,A,4,pass,1,pass,1
17,FALL,120,0,120,1,1012,22,21-Aug-17,P107265286,3fdef719,18-Jul-17,Jul,7,0,2020,3,1,SPRING,D,1,D,1,fail,0,fail,0
17,FALL,209,0,115,0,715,22,21-Aug-17,P002014415,3fe5789b,1-Aug-17,Aug,8,0,2020,3,1,SPRING,C,2,C-,1.7,pass,1,pass,1
17,FALL,209,0,115,0,715,22,21-Aug-17,P089003876,3fe5789b,1-Aug-17,Aug,8,0,2020,3,1,SPRING,C,2,C-,1.7,pass,1,pass,1
17,FALL,209,0,120,0,1111,22,21-Aug-17,P002014415,3fe4b857,13-Jul-17,Jul,7,0,2020,3,1,SPRING,B,3,C+,2.3,pass,1,pass,1
17,FALL,209,0,120,0,1111,22,21-Aug-17,P002014415,3fd7c2a5,4-Aug-17,Aug,8,0,2020,3,1,SPRING,B,3,A-,3.7,pass,1,pass,1
17,FALL,209,0,120,0,913,22,21-Aug-17,P002014415,3fe5daed,13-Jul-17,Jul,7,0,2018,1,1,SPRING,C+,2.3,B-,2.7,pass,1,pass,1
17,FALL,209,0,120,0,1111,22,21-Aug-17,P100021964,3fec1c2d,17-Jul-17,Jul,7,0,2020,3,1,SPRING,C,2,D+,1.3,pass,1,fail,0
17,FALL,209,0,120,0,1111,22,21-Aug-17,P100021964,3fe9497b,12-Jul-17,Jul,7,0,2017,0,0,FALL,C,2,B,3,pass,1,pass,1
17,FALL,209,0,120,0,1111,22,21-Aug-17,P093001886,3fe66df5,14-Jul-17,Jul,7,0,2020,3,1,SPRING,B,3,B,3,pass,1,pass,1
17,FALL,209,0,120,0,1012,22,21-Aug-17,P008616066,3fe4b893,14-Jul-17,Jul,7,0,2020,3,1,SPRING,B,3,B,3,pass,1,pass,1
17,FALL,209,0,120,0,913,22,21-Aug-17,P008616066,3fe8ff4d,22-Aug-17,Aug,8,0,2020,3,1,SPRING,D,1,W,0.1,fail,0,W,0
17,FALL,209,0,120,0,814,22,21-Aug-17,P008616066,3fecd717,14-Jul-17,Jul,7,0,2018,1,1,SPRING,B,3,W,0.1,pass,1,W,0
17,FALL,209,0,120,0,1111,22,21-Aug-17,P008616066,3fe7b7b9,14-Jul-17,Jul,7,0,2020,3,1,SPRING,A-,3.7,B,3,pass,1,pass,1
17,FALL,209,0,120,0,1012,22,21-Aug-17,P107265288,3fea0fa5,17-Jul-17,Jul,7,0,2019,2,1,FALL,A-,3.7,C,2,pass,1,pass,1
17,FALL,209,0,120,0,814,22,21-Aug-17,P107265288,3fd80ebd,17-Jul-17,Jul,7,0,2020,3,1,SPRING,A-,3.7,C,2,pass,1,pass,1
17,FALL,209,0,120,0,1012,22,21-Aug-17,P107266245,3fe2b057,18-Jul-17,Jul,7,0,2018,1,1,FALL,B,3,B+,3.3,pass,1,pass,1
17,FALL,209,0,120,0,913,22,21-Aug-17,P107266245,3fe324a1,18-Jul-17,Jul,7,0,2020,3,1,SPRING,C,2,C,2,pass,1,pass,1
17,FALL,209,0,120,0,1012,22,21-Aug-17,P107266245,3fe61e13,19-Jul-17,Jul,7,0,2020,3,1,SPRING,C,2,C,2,pass,1,pass,1
17,FALL,209,0,120,0,913,22,21-Aug-17,P107266245,3fe9f411,20-Aug-17,Aug,8,0,2020,3,1,SPRING,B,3,B+,3.3,pass,1,pass,1
17,FALL,115,0,120,0,1013,23,21-Aug-17,P107180113,3fea1c61,18-Aug-17,Aug,8,0,2017,0,0,FALL,F,0,F,0,fail,0,fail,0
17,FALL,115,0,120,0,1112,23,21-Aug-17,P008616066,3fe62ccd,14-Jul-17,Jul,7,0,2017,0,0,FALL,C+,2.3,B,3,pass,1,pass,1
17,FALL,115,0,120,0,914,23,21-Aug-17,P008616066,3feb6ca1,13-Jul-17,Jul,7,0,2020,3,1,SPRING,A-,3.7,B,3,pass,1,pass,1
17,FALL,116,0,120,0,1112,23,21-Aug-17,P107131684,3fe366ff,14-Jul-17,Jul,7,0,2020,3,1,SPRING,A,4,A+,4.3,pass,1,pass,1
17,FALL,116,0,120,0,1013,23,21-Aug-17,P089009198,3fee604b,18-Jul-17,Jul,7,0,2018,1,1,FALL,D,1,F,0,fail,0,fail,0
17,FALL,116,0,120,0,1211,23,21-Aug-17,P089009198,3fe36a5b,19-Jul-17,Jul,7,0,2020,3,1,SPRING,A,4,A,4,pass,1,pass,1
17,FALL,116,0,120,0,815,23,21-Aug-17,P107180114,3fe32267,14-Jul-17,Jul,7,0,2020,3,1,SPRING,A,4,A,4,pass,1,pass,1
17,FALL,116,0,120,0,1211,23,21-Aug-17,P107180114,3fea3ee9,17-Jul-17,Jul,7,0,2018,1,1,SPRING,A,4,B,3,pass,1,pass,1
17,FALL,116,0,120,0,1013,23,21-Aug-17,P107180114,3fe9f493,18-Jul-17,Jul,7,0,2020,3,1,SPRING,A,4,A,4,pass,1,pass,1
17,FALL,117,0,120,0,1112,23,21-Aug-17,P107265286,3fef13b5,13-Jul-17,Jul,7,0,2020,3,1,SPRING,A,4,A+,4.3,pass,1,pass,1
17,FALL,117,0,120,0,914,23,21-Aug-17,P107265286,3fedc4a1,7-Jul-17,Jul,7,0,2018,1,1,FALL,D+,1.3,W,0.1,fail,0,W,0
17,FALL,117,0,120,0,815,23,21-Aug-17,P107265287,3fe62741,13-Jul-17,Jul,7,0,2017,0,0,FALL,B,3,C,2,pass,1,pass,1
17,FALL,117,0,120,0,1112,23,21-Aug-17,P107180113,3fecd7cb,17-Jul-17,Jul,7,0,2018,1,1,SPRING,F,0,C,2,fail,0,pass,1
17,FALL,117,0,120,0,914,23,21-Aug-17,P107180113,3fe34319,13-Jul-17,Jul,7,0,2020,3,1,SPRING,A,4,A,4,pass,1,pass,1
17,FALL,117,0,120,0,1013,23,21-Aug-17,P107265286,3fe9b28f,25-Jul-17,Jul,7,0,2020,3,1,SPRING,C,2,C,2,pass,1,pass,1
17,FALL,117,0,120,0,1013,23,21-Aug-17,P107265286,3fdfab73,18-Jul-17,Jul,7,0,2019,2,1,SPRING,D,1,C-,1.7,fail,0,pass,1
17,FALL,120,0,120,1,815,23,21-Aug-17,P100021964,3fdc11a7,14-Jul-17,Jul,7,0,2017,0,0,FALL,F,0,W,0.1,fail,0,W,0
17,FALL,120,0,120,1,1013,23,21-Aug-17,P107265287,3fea0d4d,13-Jul-17,Jul,7,0,2020,3,1,SPRING,B,3,D,1,pass,1,fail,0
17,FALL,120,0,120,1,914,23,21-Aug-17,P107265287,3fe7e293,17-Jul-17,Jul,7,0,2020,3,1,SPRING,C,2,B,3,pass,1,pass,1
17,FALL,120,0,120,1,1013,23,21-Aug-17,P107265287,3fec424d,17-Jul-17,Jul,7,0,2018,1,1,SPRING,D,1,D,1,fail,0,fail,0
17,FALL,120,0,120,1,1013,23,21-Aug-17,P093001886,3fe78915,14-Jul-17,Jul,7,0,2020,3,1,SPRING,B,3,C,2,pass,1,pass,1
17,FALL,120,0,120,1,914,23,21-Aug-17,P107265286,3fdf5bb9,14-Jul-17,Jul,7,0,2020,3,1,SPRING,B-,2.7,C+,2.3,pass,1,pass,1
17,FALL,209,0,120,0,1112,23,21-Aug-17,P002014415,3fe35197,14-Jul-17,Jul,7,0,2019,2,1,FALL,B,3,B-,2.7,pass,1,pass,1
17,FALL,209,0,120,0,1013,23,21-Aug-17,P100021964,3fd7b927,18-Aug-17,Aug,8,0,2020,3,1,SPRING,B,3,B,3,pass,1,pass,1
17,FALL,209,0,120,0,914,23,21-Aug-17,P008616066,3fdf032b,13-Jul-17,Jul,7,0,2018,1,1,SPRING,B,3,B,3,pass,1,pass,1
17,FALL,209,0,115,0,716,23,21-Aug-17,P008616066,3fe907c7,13-Jul-17,Jul,7,0,2020,3,1,SPRING,C+,2.3,C-,1.7,pass,1,pass,1
17,FALL,209,0,120,0,1211,23,21-Aug-17,P008616066,3fec6575,23-Jun-17,Jun,6,0,2020,3,1,SPRING,B+,3.3,B-,2.7,pass,1,pass,1
17,FALL,209,0,120,0,914,23,21-Aug-17,P100003700,3fe35331,17-Jul-17,Jul,7,0,2018,1,1,SPRING,F,0,D,1,fail,0,fail,0
17,FALL,209,0,120,0,914,23,21-Aug-17,P107265288,3fe367c7,18-Jul-17,Jul,7,0,2020,3,1,SPRING,A,4,D,1,pass,1,fail,0
17,FALL,209,0,120,0,1013,23,21-Aug-17,P107265288,3fe5ee4d,17-Jul-17,Jul,7,0,2020,3,1,SPRING,C,2,D,1,pass,1,fail,0
17,FALL,209,0,120,0,1310,23,21-Aug-17,P107266245,3fe015b3,19-Jul-17,Jul,7,0,2019,2,1,SPRING,B,3,B,3,pass,1,pass,1
17,FALL,209,0,120,0,1409,23,21-Aug-17,P107266245,3fe39549,19-Jul-17,Jul,7,0,2020,3,1,SPRING,B,3,A,4,pass,1,pass,1
17,FALL,112,1,120,0,1113,24,21-Aug-17,P107265286,3fd8640d,22-Aug-17,Aug,8,0,2020,3,1,SPRING,A-,3.7,B+,3.3,pass,1,pass,1
17,FALL,115,0,120,0,1014,24,21-Aug-17,P107131684,3fe5f3cf,18-Aug-17,Aug,8,0,2020,3,1,SPRING,A+,4.3,A+,4.3,pass,1,pass,1
17,FALL,115,0,120,0,1113,24,21-Aug-17,P107131684,3fe60801,28-Aug-17,Aug,8,0,2020,3,1,SPRING,A+,4.3,A,4,pass,1,pass,1
17,FALL,115,0,120,0,1311,24,21-Aug-17,P107131684,3fe67b6f,23-Aug-17,Aug,8,0,2017,0,0,FALL,B+,3.3,B-,2.7,pass,1,pass,1
17,FALL,115,0,120,0,1311,24,21-Aug-17,P008616066,3fe36493,22-Aug-17,Aug,8,0,2018,1,1,SPRING,F,0,D-,0.7,fail,0,fail,0
17,FALL,115,0,120,0,1212,24,21-Aug-17,P008616066,3fe596eb,23-Aug-17,Aug,8,0,2020,3,1,SPRING,F,0,F,0,fail,0,fail,0
17,FALL,116,0,120,0,1212,24,21-Aug-17,P107131684,3fd830c3,21-Aug-17,Aug,8,0,2020,3,1,SPRING,A,4,A+,4.3,pass,1,pass,1
17,FALL,116,0,120,0,816,24,21-Aug-17,P089009198,3feb06ad,18-Jul-17,Jul,7,0,2020,3,1,SPRING,B,3,B,3,pass,1,pass,1
17,FALL,116,0,120,0,1014,24,21-Aug-17,P107265287,3fd834bf,14-Jul-17,Jul,7,0,2020,3,1,SPRING,A,4,A,4,pass,1,pass,1
17,FALL,116,0,120,0,1113,24,21-Aug-17,P107265287,3feeffab,18-Aug-17,Aug,8,0,2017,0,0,FALL,F,0,D,1,fail,0,fail,0
17,FALL,116,0,120,0,1113,24,21-Aug-17,P107265287,3feb1125,13-Jul-17,Jul,7,0,2018,1,1,SPRING,B,3,B,3,pass,1,pass,1
17,FALL,117,0,120,0,1113,24,21-Aug-17,P107180113,3fe2023d,13-Jul-17,Jul,7,0,2020,3,1,SPRING,C,2,B,3,pass,1,pass,1
17,FALL,117,0,120,0,1113,24,21-Aug-17,P107180113,3fe70729,13-Jul-17,Jul,7,0,2020,3,1,SPRING,B,3,B,3,pass,1,pass,1
17,FALL,117,0,120,0,1014,24,21-Aug-17,P107265286,3fe66661,20-Jul-17,Jul,7,0,2020,3,1,SPRING,B-,2.7,B-,2.7,pass,1,pass,1
17,FALL,117,0,120,0,1212,24,21-Aug-17,P107265286,3fd86313,18-Jul-17,Jul,7,0,2018,1,1,SUMMER,B+,3.3,C,2,pass,1,pass,1
17,FALL,120,0,120,1,915,24,21-Aug-17,P089003876,3fe60955,13-Jul-17,Jul,7,0,2017,0,0,FALL,A,4,A,4,pass,1,pass,1
17,FALL,120,0,120,1,915,24,21-Aug-17,P093001886,3fe60955,13-Jul-17,Jul,7,0,2017,0,0,FALL,A,4,A,4,pass,1,pass,1
17,FALL,120,0,120,1,1014,24,21-Aug-17,P100021964,3fedd531,14-Jul-17,Jul,7,0,2020,3,1,SPRING,A+,4.3,A,4,pass,1,pass,1
17,FALL,120,0,120,1,1113,24,21-Aug-17,P100021964,3fe6b9a9,17-Jul-17,Jul,7,0,2020,3,1,SPRING,C,2,C,2,pass,1,pass,1
17,FALL,120,0,120,1,1212,24,21-Aug-17,P100021964,3fee5475,13-Jul-17,Jul,7,0,2020,3,1,SPRING,A-,3.7,B,3,pass,1,pass,1
17,FALL,120,0,120,1,1014,24,21-Aug-17,P107265287,3fec1877,17-Jul-17,Jul,7,0,2018,1,1,SPRING,B,3,D,1,pass,1,fail,0
17,FALL,120,0,120,1,1311,24,21-Aug-17,P107180114,3fe7be03,13-Jul-17,Jul,7,0,2020,3,1,SPRING,B+,3.3,B,3,pass,1,pass,1
17,FALL,120,0,120,1,1113,24,21-Aug-17,P107180114,3fe4b9c9,17-Jul-17,Jul,7,0,2020,3,1,SPRING,A,4,A,4,pass,1,pass,1
17,FALL,120,0,120,1,1014,24,21-Aug-17,P107180114,3fe85b65,13-Jul-17,Jul,7,0,2020,3,1,SPRING,A-,3.7,B,3,pass,1,pass,1
17,FALL,120,0,120,1,1014,24,21-Aug-17,P093001886,3fece9cd,14-Jul-17,Jul,7,0,2019,2,1,FALL,B+,3.3,A,4,pass,1,pass,1
17,FALL,209,0,120,0,1113,24,21-Aug-17,P002014415,3fe8088b,13-Jul-17,Jul,7,0,2020,3,1,SPRING,B,3,B-,2.7,pass,1,pass,1
17,FALL,209,0,120,0,816,24,21-Aug-17,P008616066,3fe68ddf,13-Jul-17,Jul,7,0,2020,3,1,SPRING,C-,1.7,C,2,pass,1,pass,1
17,FALL,209,0,120,0,1311,24,21-Aug-17,P008616066,3fed72cb,14-Jul-17,Jul,7,0,2020,3,1,SPRING,D,1,C-,1.7,fail,0,pass,1
17,FALL,209,0,120,0,1113,24,21-Aug-17,P100003700,3fe652b1,13-Jul-17,Jul,7,0,2020,3,1,SPRING,B,3,B,3,pass,1,pass,1
17,FALL,209,0,120,0,1212,24,21-Aug-17,P107265288,3fe2372b,17-Jul-17,Jul,7,0,2017,0,0,FALL,A,4,D,1,pass,1,fail,0
17,FALL,209,0,120,0,1113,24,21-Aug-17,P107265288,3fe9fb05,18-Jul-17,Jul,7,0,2020,3,1,SPRING,A,4,A,4,pass,1,pass,1
17,FALL,209,0,120,0,1113,24,21-Aug-17,P107265288,3fde24c9,17-Jul-17,Jul,7,0,2020,3,1,SPRING,A-,3.7,C,2,pass,1,pass,1
17,FALL,209,0,120,0,1212,24,21-Aug-17,P107266245,3fd800d5,20-Jul-17,Jul,7,0,2020,3,1,SPRING,A,4,B,3,pass,1,pass,1
17,FALL,115,0,120,0,1015,25,21-Aug-17,P107180113,3fe3876b,14-Jul-17,Jul,7,0,2018,1,1,SPRING,B,3,A,4,pass,1,pass,1
17,FALL,115,0,120,0,1015,25,21-Aug-17,P107131684,3fde43d7,13-Jul-17,Jul,7,0,2020,3,1,SPRING,A+,4.3,A+,4.3,pass,1,pass,1
17,FALL,115,0,120,0,1411,25,21-Aug-17,P107131684,3fd8566b,22-Aug-17,Aug,8,0,2020,3,1,SPRING,A+,4.3,A+,4.3,pass,1,pass,1
17,FALL,116,0,120,0,1213,25,21-Aug-17,P089009198,3fe58caf,13-Jul-17,Jul,7,0,2019,2,1,FALL,B,3,C,2,pass,1,pass,1
17,FALL,116,0,120,0,1114,25,21-Aug-17,P107265287,3fe0fd61,13-Jul-17,Jul,7,0,2018,1,1,SPRING,B,3,B,3,pass,1,pass,1
17,FALL,116,0,120,0,1114,25,21-Aug-17,P107180114,3fe685fb,14-Jul-17,Jul,7,0,2018,1,1,SPRING,B,3,D,1,pass,1,fail,0
17,FALL,116,0,120,0,1114,25,21-Aug-17,P107180114,3fe5758f,18-Jul-17,Jul,7,0,2020,3,1,SPRING,A,4,A,4,pass,1,pass,1
17,FALL,116,0,120,0,1015,25,21-Aug-17,P107180114,3fe83775,24-Aug-17,Aug,8,0,2020,3,1,SPRING,A,4,A,4,pass,1,pass,1
17,FALL,117,0,120,0,1114,25,21-Aug-17,P107180113,3fea26cf,17-Jul-17,Jul,7,0,2019,2,1,FALL,A,4,A,4,pass,1,pass,1
17,FALL,117,0,120,0,1114,25,21-Aug-17,P107180113,3fd84365,17-Jul-17,Jul,7,0,2017,0,0,FALL,B-,2.7,F,0,pass,1,fail,0
17,FALL,117,0,120,0,1213,25,21-Aug-17,P107180113,3fea4d3f,13-Jul-17,Jul,7,0,2019,2,1,SPRING,A,4,A,4,pass,1,pass,1
17,FALL,117,0,120,0,1411,25,21-Aug-17,P107265286,3fe03719,17-Jul-17,Jul,7,0,2020,3,1,SPRING,C-,1.7,C-,1.7,pass,1,pass,1
17,FALL,120,0,120,1,1213,25,21-Aug-17,P100021964,3fe7728b,13-Jul-17,Jul,7,0,2018,1,1,FALL,B,3,B,3,pass,1,pass,1
17,FALL,120,0,120,1,1114,25,21-Aug-17,P100021964,3fe5e3ad,14-Jul-17,Jul,7,0,2020,3,1,SPRING,A,4,C,2,pass,1,pass,1
17,FALL,120,0,120,1,1312,25,21-Aug-17,P100021964,3fe32825,14-Jul-17,Jul,7,0,2017,0,0,FALL,A,4,B-,2.7,pass,1,pass,1
17,FALL,120,0,120,1,1312,25,21-Aug-17,P107265287,3fef0541,23-Aug-17,Aug,8,0,2018,1,1,SPRING,A,4,A,4,pass,1,pass,1
17,FALL,120,0,120,1,1312,25,21-Aug-17,P107265287,3fd9efe9,17-Jul-17,Jul,7,0,2020,3,1,SPRING,C,2,B,3,pass,1,pass,1
17,FALL,120,0,120,1,1114,25,21-Aug-17,P107180114,3fe8579b,18-Jul-17,Jul,7,0,2018,1,1,SPRING,C,2,B,3,pass,1,pass,1
17,FALL,120,0,120,1,1213,25,21-Aug-17,P107180114,3fe5ee6b,13-Jul-17,Jul,7,0,2020,3,1,SPRING,A,4,A,4,pass,1,pass,1
17,FALL,120,0,120,1,1213,25,21-Aug-17,P093001886,3feb05c7,13-Jul-17,Jul,7,0,2018,1,1,SPRING,D,1,W,0.1,fail,0,W,0
17,FALL,120,0,120,1,1114,25,21-Aug-17,P093001886,3fe767af,12-Jul-17,Jul,7,0,2020,3,1,SPRING,B,3,B,3,pass,1,pass,1
17,FALL,120,0,120,1,1213,25,21-Aug-17,P107265286,3fe66111,14-Jul-17,Jul,7,0,2020,3,1,SPRING,C+,2.3,C+,2.3,pass,1,pass,1
17,FALL,120,0,120,1,1213,25,21-Aug-17,P107265286,3fe80d8b,17-Jul-17,Jul,7,0,2018,1,1,FALL,F,0,F,0,fail,0,fail,0
17,FALL,209,0,120,0,1312,25,21-Aug-17,P002014415,3feb89e3,14-Jul-17,Jul,7,0,2018,1,1,SPRING,D+,1.3,D-,0.7,fail,0,fail,0
17,FALL,209,0,120,0,1114,25,21-Aug-17,P093001886,3fea5fb9,17-Jul-17,Jul,7,0,2020,3,1,SPRING,F,0,W,0.1,fail,0,W,0
17,FALL,209,0,120,0,1213,25,21-Aug-17,P008616066,3fe559fb,24-Aug-17,Aug,8,0,2019,2,1,FALL,B,3,A-,3.7,pass,1,pass,1
17,FALL,209,0,120,0,1015,25,21-Aug-17,P008616066,3fde9a35,24-Aug-17,Aug,8,0,2017,0,0,FALL,F,0,F,0,fail,0,fail,0
17,FALL,209,0,120,0,1114,25,21-Aug-17,P008616066,3fe6371d,3-Aug-17,Aug,8,0,2018,1,1,SPRING,C,2,D,1,pass,1,fail,0
17,FALL,209,0,120,0,1510,25,21-Aug-17,P100003700,3fe75f7b,14-Jul-17,Jul,7,0,2019,2,1,SPRING,C+,2.3,D,1,pass,1,fail,0
17,FALL,209,0,120,0,916,25,21-Aug-17,P100003700,3fe5958d,23-Aug-17,Aug,8,0,2018,1,1,SPRING,A-,3.7,D-,0.7,pass,1,fail,0
17,FALL,209,0,120,0,1114,25,21-Aug-17,P107265288,3fd81ad9,18-Jul-17,Jul,7,0,2018,1,1,SPRING,C-,1.7,F,0,pass,1,fail,0
17,FALL,209,0,120,0,1114,25,21-Aug-17,P107266245,3fe30b3d,21-Aug-17,Aug,8,0,2019,2,1,FALL,D,1,W,0.1,fail,0,W,0
17,FALL,115,0,120,0,1313,26,21-Aug-17,P008616066,3fe842bf,13-Jul-17,Jul,7,0,2020,3,1,SPRING,C,2,A,4,pass,1,pass,1
17,FALL,116,0,120,0,1115,26,21-Aug-17,P107131684,3fde4d2d,12-Jul-17,Jul,7,0,2017,0,0,FALL,A,4,A+,4.3,pass,1,pass,1
17,FALL,116,0,120,0,1214,26,21-Aug-17,P107131684,3fd9ce3d,14-Jul-17,Jul,7,0,2020,3,1,SPRING,A,4,A+,4.3,pass,1,pass,1
17,FALL,116,0,120,0,1313,26,21-Aug-17,P089009198,3fe66b25,14-Jul-17,Jul,7,0,2018,1,1,SPRING,A,4,A,4,pass,1,pass,1
17,FALL,116,0,120,0,1214,26,21-Aug-17,P089009198,3fe55609,21-Aug-17,Aug,8,0,2020,3,1,SPRING,B,3,B,3,pass,1,pass,1
17,FALL,116,0,120,0,1412,26,21-Aug-17,P089009198,3fe627ff,18-Jul-17,Jul,7,0,2017,0,0,FALL,B,3,W,0.1,pass,1,W,0
17,FALL,116,0,120,0,1214,26,21-Aug-17,P107265287,3fe9fd5d,13-Jul-17,Jul,7,0,2020,3,1,SPRING,A,4,A,4,pass,1,pass,1
17,FALL,116,0,120,0,1214,26,21-Aug-17,P107265287,3fde257d,23-Aug-17,Aug,8,0,2018,1,1,SPRING,B,3,C,2,pass,1,pass,1
17,FALL,116,0,120,0,1214,26,21-Aug-17,P107180114,3fe9f673,18-Jul-17,Jul,7,0,2018,1,1,SPRING,A,4,B,3,pass,1,pass,1
17,FALL,117,0,120,0,1313,26,21-Aug-17,P107265286,3fe52da5,13-Jul-17,Jul,7,0,2020,3,1,SPRING,A,4,B+,3.3,pass,1,pass,1
17,FALL,117,0,120,0,1115,26,21-Aug-17,P107180113,3fe30dbd,15-Aug-17,Aug,8,0,2020,3,1,SPRING,A,4,A,4,pass,1,pass,1
17,FALL,120,0,120,1,1115,26,21-Aug-17,P089003876,3fdfe8c7,4-Aug-17,Aug,8,0,2020,3,1,SPRING,C,2,D,1,pass,1,fail,0
17,FALL,120,0,120,1,1313,26,21-Aug-17,P089003876,3fd8067f,18-Aug-17,Aug,8,0,2018,1,1,FALL,F,0,F,0,fail,0,fail,0
17,FALL,120,0,120,1,1115,26,21-Aug-17,P093001886,3fdfe8c7,4-Aug-17,Aug,8,0,2020,3,1,SPRING,C,2,D,1,pass,1,fail,0
17,FALL,120,0,120,1,1313,26,21-Aug-17,P093001886,3fd8067f,18-Aug-17,Aug,8,0,2018,1,1,FALL,F,0,F,0,fail,0,fail,0
17,FALL,120,0,120,1,1115,26,21-Aug-17,P100021964,3fed77ad,14-Jul-17,Jul,7,0,2017,0,0,FALL,C,2,C-,1.7,pass,1,pass,1
17,FALL,120,0,120,1,1214,26,21-Aug-17,P100021964,3fe5784b,17-Jul-17,Jul,7,0,2020,3,1,SPRING,B,3,C,2,pass,1,pass,1
17,FALL,120,0,120,1,1313,26,21-Aug-17,P107265287,3ba97f4d,14-Jul-17,Jul,7,0,2019,2,1,SPRING,B,3,B,3,pass,1,pass,1
17,FALL,120,0,120,1,1115,26,21-Aug-17,P107265287,3babcae1,17-Jul-17,Jul,7,0,2020,3,1,SPRING,A,4,B,3,pass,1,pass,1
17,FALL,120,0,120,1,1313,26,21-Aug-17,P107180114,3fdc45d7,17-Jul-17,Jul,7,0,2017,0,0,FALL,D-,0.7,F,0,fail,0,fail,0
17,FALL,120,0,120,1,1115,26,21-Aug-17,P107180114,3fec33bb,18-Aug-17,Aug,8,0,2017,0,0,FALL,B,3,B,3,pass,1,pass,1
17,FALL,120,0,120,1,1214,26,21-Aug-17,P093001886,3fe60149,17-Jul-17,Jul,7,0,2018,1,1,SPRING,D,1,C,2,fail,0,pass,1
17,FALL,120,0,120,1,1313,26,21-Aug-17,P107265286,3fe312c7,14-Jul-17,Jul,7,0,2020,3,1,SPRING,C-,1.7,C-,1.7,pass,1,pass,1
17,FALL,120,0,120,1,1214,26,21-Aug-17,P107265286,3fd65357,14-Jul-17,Jul,7,0,2020,3,1,SPRING,C+,2.3,C+,2.3,pass,1,pass,1
17,FALL,120,0,120,1,1412,26,21-Aug-17,P107265286,3fd90999,17-Jul-17,Jul,7,0,2020,3,1,SPRING,,,W,0.1,,,W,0
17,FALL,120,0,120,1,1115,26,21-Aug-17,P107265286,3fd830af,18-Jul-17,Jul,7,0,2018,1,1,FALL,D-,0.7,D,1,fail,0,fail,0
17,FALL,120,0,120,1,1412,26,21-Aug-17,P107265286,3fe5dd9f,14-Jul-17,Jul,7,0,2017,0,0,FALL,,,W,0.1,,,W,0
17,FALL,209,0,120,0,1313,26,21-Aug-17,P002014415,3feed4db,14-Jul-17,Jul,7,0,2018,1,1,FALL,B+,3.3,B,3,pass,1,pass,1
17,FALL,209,0,120,0,1313,26,21-Aug-17,P089003876,3feed4db,14-Jul-17,Jul,7,0,2018,1,1,FALL,B+,3.3,B,3,pass,1,pass,1
17,FALL,209,0,120,0,1412,26,21-Aug-17,P002014415,3fe22de9,13-Jul-17,Jul,7,0,2020,3,1,SPRING,B,3,C,2,pass,1,pass,1
17,FALL,209,0,120,0,1214,26,21-Aug-17,P002014415,3fea0ff5,14-Jul-17,Jul,7,0,2018,1,1,SPRING,A,4,A,4,pass,1,pass,1
17,FALL,209,0,120,0,1313,26,21-Aug-17,P002014415,3fe6e659,13-Jul-17,Jul,7,0,2020,3,1,SPRING,A,4,A,4,pass,1,pass,1
17,FALL,209,0,120,0,1214,26,21-Aug-17,P008616066,3fe30511,14-Jul-17,Jul,7,0,2020,3,1,SPRING,B+,3.3,B,3,pass,1,pass,1
17,FALL,209,0,120,0,1115,26,21-Aug-17,P100003700,3fe6bce7,22-Aug-17,Aug,8,0,2020,3,1,SPRING,B-,2.7,B-,2.7,pass,1,pass,1
17,FALL,209,0,120,0,1412,26,21-Aug-17,P107266245,3fdc8407,19-Jul-17,Jul,7,0,2020,3,1,SPRING,C,2,A,4,pass,1,pass,1
17,FALL,209,0,120,0,1214,26,21-Aug-17,P107266245,3fda71e9,18-Jul-17,Jul,7,0,2019,2,1,FALL,C,2,C,2,pass,1,pass,1
17,FALL,115,0,120,0,1314,27,21-Aug-17,P107180113,3fe3158d,17-Jul-17,Jul,7,0,2018,1,1,SPRING,F,0,F,0,fail,0,fail,0
17,FALL,115,0,120,0,1314,27,21-Aug-17,P107131684,3fece7a7,18-Jul-17,Jul,7,0,2017,0,0,FALL,A+,4.3,A+,4.3,pass,1,pass,1
17,FALL,116,0,120,0,1215,27,21-Aug-17,P107131684,3fe757b5,27-Jun-17,Jun,6,0,2017,0,0,FALL,A,4,F,0,pass,1,fail,0
17,FALL,116,0,120,0,1314,27,21-Aug-17,P107265287,3fe77209,18-Jul-17,Jul,7,0,2017,0,0,FALL,C,2,D,1,pass,1,fail,0
17,FALL,116,0,120,0,1215,27,21-Aug-17,P107180114,3fe94543,20-Jul-17,Jul,7,0,2020,3,1,SPRING,A,4,A,4,pass,1,pass,1
17,FALL,116,0,120,0,1215,27,21-Aug-17,P107180114,3fea5d61,17-Jul-17,Jul,7,0,2020,3,1,SPRING,A,4,A,4,pass,1,pass,1
17,FALL,117,0,120,0,1314,27,21-Aug-17,P107265286,3fe6e983,13-Jul-17,Jul,7,0,2020,3,1,SPRING,A-,3.7,A-,3.7,pass,1,pass,1
17,FALL,117,0,120,0,1215,27,21-Aug-17,P107265287,3fef35b1,13-Jul-17,Jul,7,0,2019,2,1,SPRING,C,2,A,4,pass,1,pass,1
17,FALL,117,0,120,0,1215,27,21-Aug-17,P107265287,3fe87573,13-Jul-17,Jul,7,0,2020,3,1,SPRING,C,2,D,1,pass,1,fail,0
17,FALL,117,0,120,0,1314,27,21-Aug-17,P107180113,3fe5525d,17-Jul-17,Jul,7,0,2018,1,1,SPRING,B-,2.7,B,3,pass,1,pass,1
17,FALL,120,0,120,1,1215,27,21-Aug-17,P100021964,3fe7fa17,28-Jun-17,Jun,6,0,2020,3,1,SPRING,A+,4.3,A,4,pass,1,pass,1
17,FALL,120,0,120,1,1215,27,21-Aug-17,P100021964,3fe7b133,14-Jul-17,Jul,7,0,2019,2,1,SPRING,C,2,D,1,pass,1,fail,0
17,FALL,120,0,120,1,1314,27,21-Aug-17,P107265287,3fe7878f,14-Jul-17,Jul,7,0,2020,3,1,SPRING,A,4,B,3,pass,1,pass,1
17,FALL,120,0,120,1,1512,27,21-Aug-17,P107265287,3fe2bb0b,14-Jul-17,Jul,7,0,2020,3,1,SPRING,A,4,A,4,pass,1,pass,1
17,FALL,120,0,120,1,1512,27,21-Aug-17,P107265287,3fe8f101,17-Jul-17,Jul,7,0,2020,3,1,SPRING,A,4,B,3,pass,1,pass,1
17,FALL,120,0,120,1,1215,27,21-Aug-17,P107180114,3fdda3d7,17-Jul-17,Jul,7,0,2020,3,1,SPRING,A,4,A,4,pass,1,pass,1
17,FALL,120,0,120,1,1116,27,21-Aug-17,P093001886,3fe55a37,13-Jul-17,Jul,7,0,2020,3,1,SPRING,B,3,B,3,pass,1,pass,1
17,FALL,120,0,120,1,1413,27,21-Aug-17,P093001886,3fec18d1,18-Aug-17,Aug,8,0,2020,3,1,SPRING,B,3,B,3,pass,1,pass,1
17,FALL,120,0,120,1,1314,27,21-Aug-17,P093001886,3fe5e5c9,17-Jul-17,Jul,7,0,2019,2,1,SPRING,A,4,B,3,pass,1,pass,1
17,FALL,120,0,120,1,1314,27,21-Aug-17,P107265286,3fe6ab5d,14-Jul-17,Jul,7,0,2020,3,1,SPRING,C+,2.3,C+,2.3,pass,1,pass,1
17,FALL,120,0,120,1,1413,27,21-Aug-17,P107265286,3fe9a76d,17-Jul-17,Jul,7,0,2018,1,1,FALL,C,2,B                                                   -,3,pass,1,pass                                                   -,1
17,FALL,209,0,120,0,1512,27,21-Aug-17,P100021964,3fe80859,24-Aug-17,Aug,8,0,2017,0,0,FALL,,,W,0.1,,,W,0
17,FALL,209,0,120,0,1215,27,21-Aug-17,P093001886,3fd92ccb,12-Jul-17,Jul,7,0,2019,2,1,SPRING,A,4,A,4,pass,1,pass,1
17,FALL,209,0,120,0,1215,27,21-Aug-17,P008616066,3fe7e6df,18-Jul-17,Jul,7,0,2018,1,1,SPRING,A,4,A,4,pass,1,pass,1
17,FALL,209,0,120,0,1413,27,21-Aug-17,P100003700,3fd9ab97,13-Jul-17,Jul,7,0,2018,1,1,SPRING,F,0,D,1,fail,0,fail,0
17,FALL,209,0,120,0,1314,27,21-Aug-17,P100003700,3fd9ff2f,28-Jul-17,Jul,7,0,2020,3,1,SPRING,A,4,B,3,pass,1,pass,1
17,FALL,209,0,120,0,1314,27,21-Aug-17,P107265288,3fe32235,18-Jul-17,Jul,7,0,2020,3,1,SPRING,A,4,A,4,pass,1,pass,1
17,FALL,115,0,120,0,1315,28,21-Aug-17,P107180113,3fe1864b,14-Jul-17,Jul,7,0,2018,1,1,FALL,A,4,A,4,pass,1,pass,1
17,FALL,115,0,120,0,1315,28,21-Aug-17,P107180113,3fe32325,17-Jul-17,Jul,7,0,2019,2,1,SPRING,D,1,B,3,fail,0,pass,1
17,FALL,115,0,120,0,1216,28,21-Aug-17,P107180113,3fd7bf21,17-Jul-17,Jul,7,0,2019,2,1,SPRING,A,4,A,4,pass,1,pass,1
17,FALL,116,0,120,0,1414,28,21-Aug-17,P107131684,3fe36097,18-Jul-17,Jul,7,0,2020,3,1,SPRING,A,4,A+,4.3,pass,1,pass,1
17,FALL,116,0,120,0,1414,28,21-Aug-17,P107180114,3fd8043b,14-Jul-17,Jul,7,0,2020,3,1,SPRING,A,4,B,3,pass,1,pass,1
17,FALL,117,0,120,0,1315,28,21-Aug-17,P107265286,3fe5f4a1,14-Jul-17,Jul,7,0,2020,3,1,SPRING,C+,2.3,C-,1.7,pass,1,pass,1
17,FALL,120,0,120,1,1414,28,21-Aug-17,P089003876,3fe8be39,13-Jul-17,Jul,7,0,2020,3,1,SPRING,B,3,B,3,pass,1,pass,1
17,FALL,120,0,120,1,1414,28,21-Aug-17,P093001886,3fe8be39,13-Jul-17,Jul,7,0,2020,3,1,SPRING,B,3,B,3,pass,1,pass,1
17,FALL,120,0,120,1,1315,28,21-Aug-17,P100021964,3fe55b59,10-Aug-17,Aug,8,0,2020,3,1,SPRING,B,3,C,2,pass,1,pass,1
17,FALL,120,0,120,1,1414,28,21-Aug-17,P093001886,3fe902f9,17-Jul-17,Jul,7,0,2020,3,1,SPRING,D,1,C,2,fail,0,pass,1
17,FALL,120,0,120,1,1612,28,21-Aug-17,P107265286,3fdaf3cb,14-Jul-17,Jul,7,0,2020,3,1,SPRING,C-,1.7,C-,1.7,pass,1,pass,1
17,FALL,209,0,120,0,1216,28,21-Aug-17,P002014415,3fd91821,17-Jul-17,Jul,7,0,2018,1,1,FALL,C+,2.3,C,2,pass,1,pass,1
17,FALL,209,0,120,0,1216,28,21-Aug-17,P002014415,3fe6270f,10-Aug-17,Aug,8,0,2018,1,1,SPRING,B,3,C,2,pass,1,pass,1
17,FALL,209,0,120,0,1216,28,21-Aug-17,P089003876,3fd91821,17-Jul-17,Jul,7,0,2018,1,1,FALL,C+,2.3,C,2,pass,1,pass,1
17,FALL,209,0,120,0,1216,28,21-Aug-17,P089003876,3fe6270f,10-Aug-17,Aug,8,0,2018,1,1,SPRING,B,3,C,2,pass,1,pass,1
17,FALL,209,0,120,0,1216,28,21-Aug-17,P002014415,3feb8ef7,22-Aug-17,Aug,8,0,2018,1,1,FALL,C,2,C-,1.7,pass,1,pass,1
17,FALL,209,0,120,0,1216,28,21-Aug-17,P002014415,3bab3f9f,12-Jul-17,Jul,7,0,2019,2,1,SPRING,B,3,A-,3.7,pass,1,pass,1
17,FALL,209,0,120,0,1414,28,21-Aug-17,P100021964,3fe8e6b1,13-Jul-17,Jul,7,0,2020,3,1,SPRING,A,4,A,4,pass,1,pass,1
17,FALL,209,0,120,0,1513,28,21-Aug-17,P100021964,3fe307af,13-Jul-17,Jul,7,0,2018,1,1,SPRING,D,1,F,0,fail,0,fail,0
17,FALL,209,0,120,0,1216,28,21-Aug-17,P008616066,3fe7bc41,14-Jul-17,Jul,7,0,2020,3,1,SPRING,C,2,B,3,pass,1,pass,1
17,FALL,209,0,120,0,1513,28,21-Aug-17,P100003700,3fe0a1d1,14-Jul-17,Jul,7,0,2020,3,1,SPRING,A,4,B,3,pass,1,pass,1
17,FALL,209,0,120,0,1315,28,21-Aug-17,P100003700,3fec102f,18-Aug-17,Aug,8,0,2019,2,1,SUMMER,B,3,C,2,pass,1,pass,1
17,FALL,115,0,120,0,1415,29,21-Aug-17,P008616066,3fedd4f5,11-Sep-17,Sep,9,0,2020,3,1,SPRING,C,2,B,3,pass,1,pass,1
17,FALL,115,0,120,0,1514,29,21-Aug-17,P008616066,3fe30863,18-Aug-17,Aug,8,0,2020,3,1,SPRING,C+,2.3,B,3,pass,1,pass,1
17,FALL,115,0,120,0,1415,29,21-Aug-17,P008616066,3fe70279,13-Jul-17,Jul,7,0,2020,3,1,SPRING,A+,4.3,A+,4.3,pass,1,pass,1
17,FALL,116,0,120,0,1316,29,21-Aug-17,P107131684,3fe1f581,12-Jul-17,Jul,7,0,2017,0,0,FALL,A,4,A+,4.3,pass,1,pass,1
17,FALL,116,0,120,0,1514,29,21-Aug-17,P107131684,3fdf5015,14-Jul-17,Jul,7,0,2020,3,1,SPRING,A,4,A+,4.3,pass,1,pass,1
17,FALL,116,0,120,0,1316,29,21-Aug-17,P107131684,3fe39f99,17-Jul-17,Jul,7,0,2020,3,1,SPRING,A,4,A+,4.3,pass,1,pass,1
17,FALL,116,0,120,0,1316,29,21-Aug-17,P107265287,3fe7de3d,13-Jul-17,Jul,7,0,2017,0,0,FALL,F,0,W,0.1,fail,0,W,0
17,FALL,116,0,120,0,1415,29,21-Aug-17,P107265287,3fe1928f,14-Jul-17,Jul,7,0,2020,3,1,SPRING,A,4,A,4,pass,1,pass,1
17,FALL,116,0,120,0,1316,29,21-Aug-17,P107265287,3fe9db93,18-Jul-17,Jul,7,0,2020,3,1,SPRING,B,3,A,4,pass,1,pass,1
17,FALL,117,0,120,0,1415,29,21-Aug-17,P107265287,3fea1eaf,14-Jul-17,Jul,7,0,2018,1,1,SPRING,A,4,B,3,pass,1,pass,1
17,FALL,117,0,120,0,1514,29,21-Aug-17,P107180113,3fe9517d,22-Aug-17,Aug,8,0,2017,0,0,FALL,B,3,B,3,pass,1,pass,1
17,FALL,117,0,120,0,1514,29,21-Aug-17,P107265286,3fe79815,18-Jul-17,Jul,7,0,2018,1,1,FALL,C,2,C,2,pass,1,pass,1
17,FALL,117,0,120,0,1415,29,21-Aug-17,P107265286,3fee7167,18-Aug-17,Aug,8,0,2019,2,1,SPRING,C,2,A,4,pass,1,pass,1
17,FALL,120,0,120,1,1514,29,21-Aug-17,P100021964,3fe6e8ed,27-Jul-17,Jul,7,0,2018,1,1,SPRING,B,3,W,0.1,pass,1,W,0
17,FALL,120,0,120,1,1613,29,21-Aug-17,P107265287,3fe6f8dd,17-Jul-17,Jul,7,0,2020,3,1,SPRING,B,3,C,2,pass,1,pass,1
17,FALL,120,0,120,1,1613,29,21-Aug-17,P107180114,3fdde6c1,17-Jul-17,Jul,7,0,2020,3,1,SPRING,A,4,A,4,pass,1,pass,1
17,FALL,120,0,120,1,1712,29,21-Aug-17,P093001886,3fed1ee3,17-Jul-17,Jul,7,0,2017,0,0,FALL,D,1,W,0.1,fail,0,W,0
17,FALL,120,0,120,1,1415,29,21-Aug-17,P107265286,3fe181c3,14-Jul-17,Jul,7,0,2020,3,1,SPRING,A,4,A+,4.3,pass,1,pass,1
17,FALL,120,0,120,1,1514,29,21-Aug-17,P107265286,3fe5d39f,14-Jul-17,Jul,7,0,2020,3,1,SPRING,A-,3.7,B+,3.3,pass,1,pass,1
17,FALL,209,0,120,0,1514,29,21-Aug-17,P002014415,3fece8fb,27-Jul-17,Jul,7,0,2019,2,1,SPRING,A-,3.7,B-,2.7,pass,1,pass,1
17,FALL,209,0,120,0,1514,29,21-Aug-17,P002014415,3fe787a3,17-Jul-17,Jul,7,0,2020,3,1,SPRING,B+,3.3,B-,2.7,pass,1,pass,1
17,FALL,209,0,120,0,1415,29,21-Aug-17,P002014415,3fe5ed53,18-Aug-17,Aug,8,0,2020,3,1,SPRING,B,3,B+,3.3,pass,1,pass,1
17,FALL,209,0,120,0,1514,29,21-Aug-17,P089003876,3fece8fb,27-Jul-17,Jul,7,0,2019,2,1,SPRING,A-,3.7,B-,2.7,pass,1,pass,1
17,FALL,209,0,120,0,1514,29,21-Aug-17,P089003876,3fe787a3,17-Jul-17,Jul,7,0,2020,3,1,SPRING,B+,3.3,B-,2.7,pass,1,pass,1
17,FALL,209,0,120,0,1415,29,21-Aug-17,P089003876,3fe5ed53,18-Aug-17,Aug,8,0,2020,3,1,SPRING,B,3,B+,3.3,pass,1,pass,1
17,FALL,209,0,120,0,1415,29,21-Aug-17,P100021964,3fd824ed,13-Jul-17,Jul,7,0,2020,3,1,SPRING,A,4,A,4,pass,1,pass,1
17,FALL,209,0,120,0,1415,29,21-Aug-17,P093001886,3fed367b,14-Jul-17,Jul,7,0,2018,1,1,SUMMER,B,3,B+,3.3,pass,1,pass,1
17,FALL,209,0,120,0,1316,29,21-Aug-17,P008616066,3fe31cb3,21-Jul-17,Jul,7,0,2020,3,1,SPRING,A,4,A,4,pass,1,pass,1
17,FALL,209,0,120,0,1316,29,21-Aug-17,P100003700,3fe3a985,24-Aug-17,Aug,8,0,2018,1,1,FALL,F,0,C-,1.7,fail,0,pass,1
17,FALL,209,0,120,0,1514,29,21-Aug-17,P100003700,3fe29301,17-Jul-17,Jul,7,0,2020,3,1,SPRING,B+,3.3,B-,2.7,pass,1,pass,1
17,FALL,209,0,120,0,1514,29,21-Aug-17,P100003700,3fe58a9d,1-Aug-17,Aug,8,0,2020,3,1,SPRING,A+,4.3,A,4,pass,1,pass,1
17,FALL,209,0,120,0,1316,29,21-Aug-17,P107265288,3fe916d1,18-Jul-17,Jul,7,0,2020,3,1,SPRING,A,4,A,4,pass,1,pass,1
17,FALL,209,0,120,0,1316,29,21-Aug-17,P107265288,3fe6ac43,17-Jul-17,Jul,7,0,2017,0,0,FALL,A,4,C,2,pass,1,pass,1
17,FALL,209,0,120,0,1613,29,21-Aug-17,P107266245,3fe6496f,19-Jul-17,Jul,7,0,2018,1,1,SPRING,C,2,B,3,pass,1,pass,1
17,FALL,116,0,120,0,1416,30,21-Aug-17,P107131684,3fee94e9,13-Jul-17,Jul,7,0,2018,1,1,SPRING,A,4,A+,4.3,pass,1,pass,1
17,FALL,116,0,120,0,1515,30,21-Aug-17,P107131684,3fea2b2f,13-Jul-17,Jul,7,0,2019,2,1,SUMMER,A,4,A+,4.3,pass,1,pass,1
17,FALL,117,0,120,0,1416,30,21-Aug-17,P107265286,3fed699d,13-Jul-17,Jul,7,0,2018,1,1,FALL,C,2,D+,1.3,pass,1,fail,0
17,FALL,117,0,120,0,1614,30,21-Aug-17,P107265286,3fe068bf,13-Jul-17,Jul,7,0,2020,3,1,SPRING,C+,2.3,B-,2.7,pass,1,pass,1
17,FALL,117,0,120,0,1614,30,21-Aug-17,P107265287,3bab0273,12-Jul-17,Jul,7,0,2019,2,1,FALL,A,4,A,4,pass,1,pass,1
17,FALL,117,0,120,0,1515,30,21-Aug-17,P107265286,3fe61f21,25-Jul-17,Jul,7,0,2020,3,1,SPRING,A+,4.3,A+,4.3,pass,1,pass,1
17,FALL,120,0,120,1,1515,30,21-Aug-17,P100021964,3feceb53,17-Jul-17,Jul,7,0,2020,3,1,SPRING,A,4,A-,3.7,pass,1,pass,1
17,FALL,120,0,120,1,1614,30,21-Aug-17,P100021964,3fe64f4b,14-Jul-17,Jul,7,0,2020,3,1,SPRING,A+,4.3,A+,4.3,pass,1,pass,1
17,FALL,120,0,120,1,1614,30,21-Aug-17,P100021964,3fe32677,14-Jul-17,Jul,7,0,2018,1,1,FALL,B,3,B,3,pass,1,pass,1
17,FALL,120,0,120,1,1416,30,21-Aug-17,P107180114,3fd8ec89,13-Jul-17,Jul,7,0,2020,3,1,SPRING,A,4,A,4,pass,1,pass,1
17,FALL,120,0,120,1,1515,30,21-Aug-17,P107180114,3feea8c1,17-Jul-17,Jul,7,0,2020,3,1,SPRING,A-,3.7,A,4,pass,1,pass,1
17,FALL,120,0,120,1,1614,30,21-Aug-17,P107180114,3fe9bf73,13-Jul-17,Jul,7,0,2019,2,1,SPRING,B+,3.3,B,3,pass,1,pass,1
17,FALL,120,0,120,1,1515,30,21-Aug-17,P093001886,3fe635c9,9-Aug-17,Aug,8,0,2020,3,1,SPRING,A+,4.3,A,4,pass,1,pass,1
17,FALL,120,0,120,1,1515,30,21-Aug-17,P093001886,3feb6c83,17-Jul-17,Jul,7,0,2020,3,1,SPRING,D,1,D,1,fail,0,fail,0
17,FALL,120,0,120,1,1416,30,21-Aug-17,P093001886,3fe66981,13-Jul-17,Jul,7,0,2020,3,1,SPRING,B,3,B,3,pass,1,pass,1
17,FALL,120,0,120,1,1515,30,21-Aug-17,P107265286,3fea4281,18-Jul-17,Jul,7,0,2018,1,1,SPRING,D+,1.3,F,0,fail,0,fail,0
17,FALL,209,0,120,0,1515,30,21-Aug-17,P002014415,3fdfe075,24-Aug-17,Aug,8,0,2020,3,1,SPRING,B+,3.3,A,4,pass,1,pass,1
17,FALL,209,0,120,0,1515,30,21-Aug-17,P089003876,3fdfe075,24-Aug-17,Aug,8,0,2020,3,1,SPRING,B+,3.3,A,4,pass,1,pass,1
17,FALL,209,0,120,0,1515,30,21-Aug-17,P100021964,3fe8e887,17-Jul-17,Jul,7,0,2020,3,1,SPRING,B,3,A,4,pass,1,pass,1
17,FALL,209,0,120,0,1515,30,21-Aug-17,P100021964,3fd90719,14-Jul-17,Jul,7,0,2020,3,1,SPRING,A,4,A,4,pass,1,pass,1
17,FALL,209,0,120,0,1416,30,21-Aug-17,P100003700,3fd88cfd,17-Jul-17,Jul,7,0,2018,1,1,SPRING,F,0,F,0,fail,0,fail,0
17,FALL,209,0,120,0,1515,30,21-Aug-17,P107265288,3fd864fd,9-Aug-17,Aug,8,0,2020,3,1,SPRING,F,0,B,3,fail,0,pass,1
17,FALL,209,0,120,0,1614,30,21-Aug-17,P107266245,3fe629cb,19-Jul-17,Jul,7,0,2020,3,1,SPRING,C,2,C+,2.3,pass,1,pass,1
17,FALL,120,0,120,1,1615,31,21-Aug-17,P089003876,3fe811eb,13-Jul-17,Jul,7,0,2020,3,1,SPRING,B,3,A-,3.7,pass,1,pass,1
17,FALL,120,0,120,1,1615,31,21-Aug-17,P093001886,3fe811eb,13-Jul-17,Jul,7,0,2020,3,1,SPRING,B,3,A-,3.7,pass,1,pass,1
17,FALL,120,0,120,1,1615,31,21-Aug-17,P100021964,3fdfe6b5,14-Jul-17,Jul,7,0,2020,3,1,SPRING,F,0,W,0.1,fail,0,W,0
17,FALL,120,0,120,1,1615,31,21-Aug-17,P100021964,3fe80ff7,14-Jul-17,Jul,7,0,2020,3,1,SPRING,B,3,B,3,pass,1,pass,1
17,FALL,120,0,120,1,1615,31,21-Aug-17,P107265287,3fe5e551,17-Jul-17,Jul,7,0,2020,3,1,SPRING,A,4,A,4,pass,1,pass,1
17,FALL,120,0,120,1,1714,31,21-Aug-17,P093001886,3fdd3cfd,21-Aug-17,Aug,8,0,2020,3,1,SPRING,A,4,A,4,pass,1,pass,1
17,FALL,120,0,120,1,1615,31,21-Aug-17,P093001886,3fe6eea1,17-Jul-17,Jul,7,0,2020,3,1,SPRING,C,2,C,2,pass,1,pass,1
17,FALL,120,0,120,1,1516,31,21-Aug-17,P107265286,3fd819b7,14-Jul-17,Jul,7,0,2017,0,0,FALL,B-,2.7,B-,2.7,pass,1,pass,1
17,FALL,209,0,120,0,1714,31,21-Aug-17,P002014415,3fe909c5,13-Jul-17,Jul,7,0,2019,2,1,SPRING,A,4,A,4,pass,1,pass,1
17,FALL,209,0,120,0,1516,31,21-Aug-17,P002014415,3fe55f73,17-Jul-17,Jul,7,0,2017,0,0,FALL,,,W,0.1,,,W,0
17,FALL,209,0,120,0,1714,31,21-Aug-17,P089003876,3fe909c5,13-Jul-17,Jul,7,0,2019,2,1,SPRING,A,4,A,4,pass,1,pass,1
17,FALL,209,0,120,0,1516,31,21-Aug-17,P089003876,3fe55f73,17-Jul-17,Jul,7,0,2017,0,0,FALL,,,W,0.1,,,W,0
17,FALL,209,0,120,0,1516,31,21-Aug-17,P002014415,3fe5ddd1,12-Jul-17,Jul,7,0,2019,2,1,SPRING,A,4,A,4,pass,1,pass,1
17,FALL,209,0,120,0,1615,31,21-Aug-17,P100021964,3fe07f53,14-Jul-17,Jul,7,0,2020,3,1,SPRING,B,3,A,4,pass,1,pass,1
17,FALL,209,0,120,0,1516,31,21-Aug-17,P008616066,3fe6be95,14-Jul-17,Jul,7,0,2019,2,1,SPRING,A-,3.7,B+,3.3,pass,1,pass,1
17,FALL,209,0,120,0,1516,31,21-Aug-17,P008616066,3fe6b495,31-Jul-17,Jul,7,0,2020,3,1,SPRING,B+,3.3,A,4,pass,1,pass,1
17,FALL,209,0,120,0,1516,31,21-Aug-17,P008616066,3fe75ee5,17-Jul-17,Jul,7,0,2020,3,1,SPRING,A-,3.7,A+,4.3,pass,1,pass,1
17,FALL,209,0,120,0,1714,31,21-Aug-17,P100003700,3fedb0dd,14-Jul-17,Jul,7,0,2020,3,1,SPRING,A,4,B,3,pass,1,pass,1
17,FALL,209,0,120,0,1615,31,21-Aug-17,P107265288,3fe58575,18-Jul-17,Jul,7,0,2017,0,0,FALL,A,4,A,4,pass,1,pass,1
17,FALL,209,0,120,0,1615,31,21-Aug-17,P107266245,3fe61503,10-Aug-17,Aug,8,0,2020,3,1,SPRING,C,2,B,3,pass,1,pass,1
17,FALL,116,0,120,0,1715,32,21-Aug-17,P107131684,3fe7be85,12-Jul-17,Jul,7,0,2020,3,1,SPRING,A,4,A+,4.3,pass,1,pass,1
17,FALL,117,0,120,0,1616,32,21-Aug-17,P107265286,3fd69e11,21-Aug-17,Aug,8,0,2020,3,1,SPRING,C+,2.3,C-,1.7,pass,1,pass,1
17,FALL,120,0,120,1,1715,32,21-Aug-17,P100021964,3fe2c713,14-Jul-17,Jul,7,0,2020,3,1,SPRING,A,4,B,3,pass,1,pass,1
17,FALL,120,0,120,1,1814,32,21-Aug-17,P107265287,3fe3065b,17-Jul-17,Jul,7,0,2019,2,1,SPRING,A,4,B,3,pass,1,pass,1
17,FALL,120,0,120,1,1616,32,21-Aug-17,P107180114,3fea5c2b,14-Jul-17,Jul,7,0,2020,3,1,SPRING,B,3,B,3,pass,1,pass,1
17,FALL,120,0,120,1,1913,32,21-Aug-17,P107180114,3fea3e7b,14-Jul-17,Jul,7,0,2020,3,1,SPRING,A,4,A,4,pass,1,pass,1
17,FALL,120,0,120,1,1715,32,21-Aug-17,P107180114,3fe6ea05,17-Jul-17,Jul,7,0,2018,1,1,SPRING,F,0,F,0,fail,0,fail,0
17,FALL,120,0,120,1,1715,32,21-Aug-17,P107265286,3fea2c29,3-Aug-17,Aug,8,0,2017,0,0,FALL,C+,2.3,F,0,pass,1,fail,0
17,FALL,209,0,120,0,1616,32,21-Aug-17,P002014415,3fe5f63b,13-Jul-17,Jul,7,0,2018,1,1,SPRING,D-,0.7,D-,0.7,fail,0,fail,0
17,FALL,209,0,120,0,1616,32,21-Aug-17,P089003876,3fe5f63b,13-Jul-17,Jul,7,0,2018,1,1,SPRING,D-,0.7,D-,0.7,fail,0,fail,0
17,FALL,209,0,120,0,1814,32,21-Aug-17,P008616066,3fe6f883,14-Jul-17,Jul,7,0,2018,1,1,SPRING,D,1,D,1,fail,0,fail,0
17,FALL,209,0,120,0,1715,32,21-Aug-17,P008616066,3fe301d3,17-Jul-17,Jul,7,0,2020,3,1,SPRING,A+,4.3,A+,4.3,pass,1,pass,1
17,FALL,209,0,120,0,1715,32,21-Aug-17,P008616066,3fea621b,14-Jul-17,Jul,7,0,2017,0,0,FALL,F,0,W,0.1,fail,0,W,0
17,FALL,209,0,120,0,1814,32,21-Aug-17,P100003700,3fe6077f,14-Jul-17,Jul,7,0,2019,2,1,SPRING,B+,3.3,B-,2.7,pass,1,pass,1
17,FALL,209,0,120,0,1616,32,21-Aug-17,P100003700,3ba964bd,9-Aug-17,Aug,8,0,2020,3,1,SPRING,B,3,C,2,pass,1,pass,1
17,FALL,209,0,120,0,1616,32,21-Aug-17,P100003700,3fe91ef1,17-Jul-17,Jul,7,0,2020,3,1,SPRING,C-,1.7,D,1,pass,1,fail,0
17,FALL,209,0,120,0,1715,32,21-Aug-17,P107265288,3fe54ec5,9-Aug-17,Aug,8,0,2020,3,1,SPRING,A,4,B,3,pass,1,pass,1
17,FALL,209,0,120,0,1715,32,21-Aug-17,P107265288,3fdffbd7,14-Jul-17,Jul,7,0,2019,2,1,SPRING,A,4,A,4,pass,1,pass,1
17,FALL,115,0,120,0,1716,33,21-Aug-17,P008616066,3fee49fd,20-Aug-17,Aug,8,0,2018,1,1,SPRING,D,1,F,0,fail,0,fail,0
17,FALL,116,0,120,0,1716,33,21-Aug-17,P107131684,3fe4d021,4-Aug-17,Aug,8,0,2020,3,1,SPRING,A,4,A+,4.3,pass,1,pass,1
17,FALL,116,0,120,0,1914,33,21-Aug-17,P089009198,3fe89913,17-Jul-17,Jul,7,0,2018,1,1,SPRING,C,2,F,0,pass,1,fail,0
17,FALL,117,0,120,0,1716,33,21-Aug-17,P107265286,3fdb1c6b,13-Jul-17,Jul,7,0,2020,3,1,SPRING,D+,1.3,C+,2.3,fail,0,pass,1
17,FALL,117,0,120,0,1716,33,21-Aug-17,P107265286,3fed6d03,11-Aug-17,Aug,8,0,2020,3,1,SPRING,F,0,W,0.1,fail,0,W,0
17,FALL,117,0,120,0,1716,33,21-Aug-17,P107265287,3fe98f17,13-Jul-17,Jul,7,0,2019,2,1,FALL,A,4,A,4,pass,1,pass,1
17,FALL,117,0,120,0,1716,33,21-Aug-17,P107265286,3fda05dd,17-Jul-17,Jul,7,0,2017,0,0,FALL,B+,3.3,C,2,pass,1,pass,1
17,FALL,120,0,120,1,1815,33,21-Aug-17,P100021964,3fde0f43,17-Jul-17,Jul,7,0,2020,3,1,SPRING,A+,4.3,A,4,pass,1,pass,1
17,FALL,120,0,120,1,1716,33,21-Aug-17,P107265287,3fe9fc1d,17-Jul-17,Jul,7,0,2020,3,1,SPRING,A,4,A,4,pass,1,pass,1
17,FALL,120,0,120,1,1815,33,21-Aug-17,P107265287,3fed6597,17-Jul-17,Jul,7,0,2020,3,1,SPRING,A,4,A,4,pass,1,pass,1
17,FALL,120,0,120,1,1815,33,21-Aug-17,P107180114,3fe68b91,10-Aug-17,Aug,8,0,2020,3,1,SPRING,A,4,A,4,pass,1,pass,1
17,FALL,209,0,120,0,1716,33,21-Aug-17,P100003700,3feea925,21-Aug-17,Aug,8,0,2019,2,1,SPRING,A,4,A,4,pass,1,pass,1
17,FALL,209,0,120,0,1716,33,21-Aug-17,P100003700,3fef4713,26-Jul-17,Jul,7,0,2020,3,1,SPRING,C+,2.3,D+,1.3,pass,1,fail,0
17,FALL,209,0,120,0,1815,33,21-Aug-17,P107265288,3fe26bdd,23-Aug-17,Aug,8,0,2020,3,1,SPRING,A,4,A,4,pass,1,pass,1
17,FALL,116,0,120,0,1816,34,21-Aug-17,P107131684,3fecff0d,27-Jun-17,Jun,6,0,2020,3,1,SPRING,A,4,A+,4.3,pass,1,pass,1
17,FALL,117,0,120,0,1915,34,21-Aug-17,P107180113,3fe8aa2f,4-Aug-17,Aug,8,0,2020,3,1,SPRING,A,4,A,4,pass,1,pass,1
17,FALL,120,0,120,1,1816,34,21-Aug-17,P089003876,3fe944b7,21-Aug-17,Aug,8,0,2018,1,1,SPRING,B,3,B+,3.3,pass,1,pass,1
17,FALL,120,0,120,1,1816,34,21-Aug-17,P093001886,3fe944b7,21-Aug-17,Aug,8,0,2018,1,1,SPRING,B,3,B+,3.3,pass,1,pass,1
17,FALL,120,0,120,1,1816,34,21-Aug-17,P100021964,3fedd905,13-Jul-17,Jul,7,0,2018,1,1,SPRING,A+,4.3,A+,4.3,pass,1,pass,1
17,FALL,120,0,120,1,1816,34,21-Aug-17,P100021964,3fe6ae4b,21-Aug-17,Aug,8,0,2020,3,1,SPRING,A,4,B,3,pass,1,pass,1
17,FALL,120,0,120,1,1816,34,21-Aug-17,P100021964,3fd7ae5f,13-Jul-17,Jul,7,0,2020,3,1,SPRING,A+,4.3,A,4,pass,1,pass,1
17,FALL,120,0,120,1,1915,34,21-Aug-17,P107265287,3feea8e9,22-Aug-17,Aug,8,0,2020,3,1,SPRING,A,4,A,4,pass,1,pass,1
17,FALL,120,0,120,1,1816,34,21-Aug-17,P107265287,3fe91b77,7-Jul-17,Jul,7,0,2020,3,1,SPRING,A,4,A,4,pass,1,pass,1
17,FALL,120,0,120,1,1915,34,21-Aug-17,P107180114,3fec3285,18-Aug-17,Aug,8,0,2020,3,1,SPRING,A,4,A,4,pass,1,pass,1
17,FALL,120,0,120,1,1816,34,21-Aug-17,P093001886,3fe2c35d,14-Jul-17,Jul,7,0,2020,3,1,SPRING,B,3,D-,0.7,pass,1,fail,0
17,FALL,209,0,120,0,1816,34,21-Aug-17,P002014415,3fe77709,13-Jul-17,Jul,7,0,2020,3,1,SPRING,A,4,C,2,pass,1,pass,1
17,FALL,209,0,120,0,1816,34,21-Aug-17,P089003876,3fe77709,13-Jul-17,Jul,7,0,2020,3,1,SPRING,A,4,C,2,pass,1,pass,1
17,FALL,209,0,120,0,1816,34,21-Aug-17,P100021964,3fd8584b,21-Aug-17,Aug,8,0,2020,3,1,SPRING,C,2,C,2,pass,1,pass,1
17,FALL,209,0,120,0,1816,34,21-Aug-17,P093001886,3fe76273,14-Jul-17,Jul,7,0,2020,3,1,SPRING,A,4,A+,4.3,pass,1,pass,1
17,FALL,209,0,120,0,1816,34,21-Aug-17,P093001886,3fd81e5d,14-Jul-17,Jul,7,0,2020,3,1,SPRING,A,4,A,4,pass,1,pass,1
17,FALL,209,0,120,0,1816,34,21-Aug-17,P008616066,3fd7b5a3,14-Jul-17,Jul,7,0,2020,3,1,SPRING,A,4,A,4,pass,1,pass,1
17,FALL,209,0,120,0,1816,34,21-Aug-17,P008616066,3fe55bef,17-Jul-17,Jul,7,0,2020,3,1,SPRING,B-,2.7,C-,1.7,pass,1,pass,1
17,FALL,209,0,120,0,1915,34,21-Aug-17,P107265288,3fece883,17-Jul-17,Jul,7,0,2018,1,1,SPRING,C-,1.7,D,1,pass,1,fail,0
17,FALL,209,0,120,0,1816,34,21-Aug-17,P107265288,3fd8d767,18-Jul-17,Jul,7,0,2020,3,1,SPRING,A,4,A,4,pass,1,pass,1
17,FALL,116,0,120,0,1916,35,21-Aug-17,P107131684,3fecd979,14-Jul-17,Jul,7,0,2020,3,1,SPRING,A,4,A+,4.3,pass,1,pass,1
17,FALL,120,0,120,1,1916,35,21-Aug-17,P107265286,3fe610fd,14-Jul-17,Jul,7,0,2020,3,1,SPRING,,,W,0.1,,,W,0
17,FALL,209,0,120,0,1916,35,21-Aug-17,P002014415,3fe5ca8f,14-Jul-17,Jul,7,0,2020,3,1,SPRING,A,4,A,4,pass,1,pass,1
17,FALL,209,0,120,0,1916,35,21-Aug-17,P002014415,3fd8d933,14-Jul-17,Jul,7,0,2020,3,1,SPRING,A,4,A+,4.3,pass,1,pass,1
17,FALL,209,0,120,0,2015,35,21-Aug-17,P002014415,3fe89459,13-Jul-17,Jul,7,0,2018,1,1,SPRING,A,4,A+,4.3,pass,1,pass,1
17,FALL,209,0,120,0,1916,35,21-Aug-17,P100021964,3fda50a1,18-Aug-17,Aug,8,0,2017,0,0,FALL,A,4,A,4,pass,1,pass,1
17,FALL,116,0,120,0,2016,36,21-Aug-17,P107265287,3fe6d9a7,13-Jul-17,Jul,7,0,2018,1,1,FALL,A,4,A,4,pass,1,pass,1
17,FALL,117,0,120,0,2016,36,21-Aug-17,P107265286,3fec0b6b,28-Jun-17,Jun,6,0,2019,2,1,FALL,A+,4.3,A+,4.3,pass,1,pass,1
17,FALL,120,0,120,1,2016,36,21-Aug-17,P089003876,3fdecf5f,2-Aug-17,Aug,8,0,2020,3,1,SPRING,A,4,A,4,pass,1,pass,1
17,FALL,120,0,120,1,2016,36,21-Aug-17,P093001886,3fdecf5f,2-Aug-17,Aug,8,0,2020,3,1,SPRING,A,4,A,4,pass,1,pass,1
17,FALL,120,0,120,1,2016,36,21-Aug-17,P107180114,3fe54ebb,17-Aug-17,Aug,8,0,2019,2,1,FALL,A,4,A,4,pass,1,pass,1
17,FALL,120,0,120,1,2016,36,21-Aug-17,P093001886,3fe705c1,28-Jul-17,Jul,7,0,2020,3,1,SPRING,A+,4.3,A+,4.3,pass,1,pass,1
17,FALL,209,0,120,0,2016,36,21-Aug-17,P100021964,3fe5964b,14-Jul-17,Jul,7,0,2020,3,1,SPRING,A+,4.3,A+,4.3,pass,1,pass,1