course_year,course_sem,course_taken,rec_course,took_recom_course,scaled_score,raw_score,course_start_date,teacher_id,student_id,acceptance_date,acceptance_month,proj_grad_year,proj_grad_sem,midtermgrade,finalgrade,midtermgrade,finalgrade
2018,FALL,MATH116,MATH112,0,0,0,20-Aug-18,P107266245,3ff00fef,19-Jul-18,Jul,2018,FALL,F,W,fail,W
2018,FALL,MATH116,MATH112,0,303,6,20-Aug-18,P107266245,3ff1044f,18-Jul-18,Jul,2020,SPRING,D,W,fail,W
2018,FALL,MATH112,MATH112,1,502,7,20-Aug-18,P100062478,3fee640b,22-Aug-18,Aug,2018,FALL,F,,fail,
2018,FALL,MATH112,MATH112,1,304,7,20-Aug-18,P100062478,3fe4c801,18-Jul-18,Jul,2019,SPRING,F,,fail,
2018,FALL,MATH116,MATH112,0,7,7,20-Aug-18,P089009198,3ff2246f,23-Jul-18,Jul,2019,SPRING,A,A,pass ,pass 
2018,FALL,MATH209,MATH112,0,304,7,20-Aug-18,P093001886,3fdf53df,18-Jul-18,Jul,2020,SPRING,B,C,pass ,pass 
2018,FALL,MATH209,MATH112,0,205,7,20-Aug-18,P107265288,3feffcf3,17-Jul-18,Jul,2018,FALL,D+,W,fail,W
2018,FALL,MATH116,MATH112,0,206,8,20-Aug-18,P100062478,3ff01279,17-Aug-18,Aug,2020,SPRING,B+,,pass ,
2018,FALL,MATH116,MATH112,0,305,8,20-Aug-18,P100062478,3fdfb393,6-Aug-18,Aug,2019,FALL,W,,W,
2018,FALL,MATH116,MATH112,0,305,8,20-Aug-18,P107266245,3fee2ca7,20-Jul-18,Jul,2019,SPRING,C,D+,pass ,fail
2018,FALL,MATH209,MATH112,0,8,8,20-Aug-18,P008616066,3fee4255,17-Aug-18,Aug,2020,SPRING,D,W,fail,W
2018,FALL,MATH209,MATH112,0,305,8,20-Aug-18,P107265288,3fe2fedb,12-Jul-18,Jul,2020,SPRING,A-,B,pass ,pass 
2018,FALL,MATH115,MATH112,0,405,9,20-Aug-18,P107265286,3ff00009,31-Jul-18,Jul,2020,SPRING,W,,W,
2018,FALL,MATH116,MATH112,0,108,9,20-Aug-18,P107266245,3ff10b43,1-Aug-18,Aug,2019,SPRING,D,F,fail,fail
2018,FALL,MATH209,MATH112,0,207,9,20-Aug-18,P100021964,3ff0128d,18-Jul-18,Jul,2020,SPRING,W,,W,
2018,FALL,MATH209,MATH112,0,207,9,20-Aug-18,P093001886,3ff10689,24-Jul-18,Jul,2020,SPRING,D,C-,fail,pass 
2018,FALL,MATH209,MATH112,0,208,10,20-Aug-18,P002014415,3fe82ae1,23-Jul-18,Jul,2019,FALL,B,B,pass ,pass 
2018,FALL,MATH209,MATH112,0,307,10,20-Aug-18,P100003700,3fef8291,19-Jul-18,Jul,2020,SPRING,F,D,fail,fail
2018,FALL,MATH112,MATH112,1,506,11,20-Aug-18,P100062478,3feffa9b,24-Jul-18,Jul,2020,SPRING,C,,pass ,
2018,FALL,MATH115,MATH115,1,209,11,20-Aug-18,P107265286,3fe86d5d,17-Jul-18,Jul,2019,SPRING,D-,F,fail,fail
2018,FALL,MATH116,MATH112,0,308,11,20-Aug-18,P107266245,3fec7303,20-Jul-18,Jul,2020,SPRING,D,F,fail,fail
2018,FALL,MATH116,MATH112,0,308,11,20-Aug-18,P107266245,3fe3f5b1,20-Jul-18,Jul,2019,SPRING,C,B,pass ,pass 
2018,FALL,MATH209,MATH112,0,308,11,20-Aug-18,P093001886,3feffa4b,19-Jul-18,Jul,2019,SUMMER,F,W,fail,W
2018,FALL,MATH112,MATH112,1,705,12,20-Aug-18,P100062478,3fe2b921,12-Jul-18,Jul,2020,SPRING,C,,pass ,
2018,FALL,MATH116,MATH112,0,705,12,20-Aug-18,P089009198,3feb35dd,24-Jul-18,Jul,2020,SPRING,B,C,pass ,pass 
2018,FALL,MATH116,MATH115,0,309,12,20-Aug-18,P107266245,3ff03295,20-Jul-18,Jul,2020,SPRING,B,B,pass ,pass 
2018,FALL,MATH209,MATH112,0,408,12,20-Aug-18,P100003700,3fef6a63,19-Jul-18,Jul,2020,SPRING,D-,D,fail,fail
2018,FALL,MATH112,MATH115,0,409,13,20-Aug-18,P100062478,3ff08849,17-Aug-18,Aug,2019,SPRING,D,,fail,
2018,FALL,MATH115,MATH115,1,310,13,20-Aug-18,P008616066,3feff127,16-Jul-18,Jul,2019,SPRING,C-,C-,pass ,pass 
2018,FALL,MATH115,MATH115,1,409,13,20-Aug-18,P107265286,3ff01125,23-Jul-18,Jul,2019,FALL,F,F,fail,fail
2018,FALL,MATH115,MATH115,1,409,13,20-Aug-18,P107266245,3ff22f87,20-Jul-18,Jul,2018,FALL,F,D+,fail,fail
2018,FALL,MATH116,MATH112,0,508,13,20-Aug-18,P107266245,3fec82e9,18-Jul-18,Jul,2020,SPRING,B,B,pass ,pass 
2018,FALL,MATH116,MATH115,0,310,13,20-Aug-18,P107266245,3ff14b0d,18-Jul-18,Jul,2020,SPRING,B,B,pass ,pass 
2018,FALL,MATH116,MATH112,0,607,13,20-Aug-18,P107266245,3fecfc8d,19-Jul-18,Jul,2019,SPRING,F,D,fail,fail
2018,FALL,MATH209,MATH115,0,310,13,20-Aug-18,P008616066,3ff10431,24-Jul-18,Jul,2020,SPRING,F,W,fail,W
2018,FALL,MATH209,MATH115,0,409,13,20-Aug-18,P002014415,3fedf42b,24-Jul-18,Jul,2019,SPRING,B,D,pass ,fail
2018,FALL,MATH209,MATH115,0,310,13,20-Aug-18,P100021964,3fe22ed9,18-Jul-18,Jul,2019,SPRING,C-,B-,pass ,pass 
2018,FALL,MATH209,MATH112,0,508,13,20-Aug-18,P100021964,3fee3f0d,24-Jul-18,Jul,2020,SPRING,B-,C,pass ,pass 
2018,FALL,MATH209,MATH115,0,409,13,20-Aug-18,P093001886,3fdffc77,24-Jul-18,Jul,2019,SPRING,D,F,fail,fail
2018,FALL,MATH209,MATH112,0,607,13,20-Aug-18,P093001886,3ff0dd21,24-Jul-18,Jul,2020,SPRING,B,C,pass ,pass 
2018,FALL,MATH115,MATH115,1,509,14,20-Aug-18,P008616066,3fe9887d,17-Jul-18,Jul,2019,SPRING,D-,D,fail,fail
2018,FALL,MATH115,MATH115,1,410,14,20-Aug-18,P008616066,3fe02a2b,20-Jul-18,Jul,2020,SPRING,A,B,pass ,pass 
2018,FALL,MATH115,MATH115,1,410,14,20-Aug-18,P008616066,3fe40353,18-Jul-18,Jul,2018,FALL,D,D,fail,fail
2018,FALL,MATH115,MATH115,1,410,14,20-Aug-18,P107266245,3fee6fa5,18-Jul-18,Jul,2019,SUMMER,F,F,fail,fail
2018,FALL,MATH115,MATH115,1,410,14,20-Aug-18,P107266245,3ff00dab,23-Jul-18,Jul,2019,SPRING,F,F,fail,fail
2018,FALL,MATH115,MATH115,1,311,14,20-Aug-18,P107266245,3ff00d65,20-Aug-18,Aug,2020,SPRING,F,W,fail,W
2018,FALL,MATH116,MATH112,0,608,14,20-Aug-18,P100062478,3fec5b57,23-Jul-18,Jul,2020,SPRING,B-,,pass ,
2018,FALL,MATH116,MATH115,0,410,14,20-Aug-18,P089009198,3ff1e8c9,24-Jul-18,Jul,2020,SPRING,A,A,pass ,pass 
2018,FALL,MATH116,MATH112,0,608,14,20-Aug-18,P107266245,3fe552df,7-Aug-18,Aug,2020,SPRING,D+,C,fail,pass 
2018,FALL,MATH209,MATH115,0,410,14,20-Aug-18,P002014415,3ff22a5f,17-Jul-18,Jul,2019,SPRING,B,C-,pass ,pass 
2018,FALL,MATH209,MATH112,0,608,14,20-Aug-18,P093001886,3feb47df,18-Jul-18,Jul,2019,SPRING,C,D,pass ,fail
2018,FALL,MATH209,MATH115,0,410,14,20-Aug-18,P093001886,3fee5dd5,18-Jul-18,Jul,2018,FALL,F,F,fail,fail
2018,FALL,MATH209,MATH115,0,311,14,20-Aug-18,P100003700,3ff0dafb,18-Jul-18,Jul,2019,FALL,D-,D,fail,fail
2018,FALL,MATH209,MATH115,0,311,14,20-Aug-18,P100003700,3ff04aa5,20-Aug-18,Aug,2018,FALL,D+,W,fail,W
2018,FALL,MATH115,MATH115,1,312,15,20-Aug-18,P008616066,3feffb95,16-Jul-18,Jul,2020,SPRING,D,D,fail,fail
2018,FALL,MATH115,MATH115,1,510,15,20-Aug-18,P008616066,3fe095d3,20-Jul-18,Jul,2019,FALL,F,W,fail,W
2018,FALL,MATH115,MATH115,1,510,15,20-Aug-18,P008616066,3ff20b79,16-Jul-18,Jul,2020,SPRING,B,B,pass ,pass 
2018,FALL,MATH115,MATH115,1,609,15,20-Aug-18,P107265286,3ff0027f,18-Jul-18,Jul,2020,SPRING,B,A-,pass ,pass 
2018,FALL,MATH115,MATH115,1,411,15,20-Aug-18,P107265286,3ff00f9f,16-Jul-18,Jul,2019,FALL,C-,C-,pass ,pass 
2018,FALL,MATH115,MATH115,1,510,15,20-Aug-18,P107266245,3ff0b5ad,19-Jul-18,Jul,2019,SPRING,C,F,pass ,fail
2018,FALL,MATH116,MATH112,0,708,15,20-Aug-18,P100062478,3fee4417,16-Jul-18,Jul,2020,SPRING,C,,pass ,
2018,FALL,MATH116,MATH115,0,609,15,20-Aug-18,P100062478,3ff06959,16-Jul-18,Jul,2019,SPRING,C-,,pass ,
2018,FALL,MATH116,MATH115,0,609,15,20-Aug-18,P100062478,3ff0fef5,3-Aug-18,Aug,2019,SUMMER,D,,fail,
2018,FALL,MATH116,MATH112,0,708,15,20-Aug-18,P107266245,3ff100ad,18-Jul-18,Jul,2020,SPRING,F,F,fail,fail
2018,FALL,MATH117,MATH115,0,510,15,20-Aug-18,P107265286,3ff00fa9,21-Aug-18,Aug,2020,SPRING,B-,C-,pass ,pass 
2018,FALL,MATH117,MATH120,0,807,15,20-Aug-18,P107265286,3fefda93,16-Jul-18,Jul,2019,SPRING,F,W,fail,W
2018,FALL,MATH120,MATH120,1,807,15,20-Aug-18,P093001886,3fe71b1f,18-Jul-18,Jul,2019,FALL,F,W,fail,W
2018,FALL,MATH209,MATH115,0,609,15,20-Aug-18,P008616066,3fe87bbd,24-Jul-18,Jul,2019,FALL,F,W,fail,W
2018,FALL,MATH209,MATH115,0,510,15,20-Aug-18,P002014415,3ff2289d,17-Jul-18,Jul,2019,FALL,C-,D-,pass ,fail
2018,FALL,MATH209,MATH115,0,609,15,20-Aug-18,P002014415,3fe5a753,16-Jul-18,Jul,2020,SPRING,A,A+,pass ,pass 
2018,FALL,MATH209,MATH115,0,411,15,20-Aug-18,P002014415,3fe74991,16-Jul-18,Jul,2020,SPRING,B,C,pass ,pass 
2018,FALL,MATH209,MATH115,0,411,15,20-Aug-18,P100021964,3ff0137d,6-Aug-18,Aug,2020,SPRING,D-,C-,fail,pass 
2018,FALL,MATH209,MATH115,0,609,15,20-Aug-18,P100021964,3fdf9e99,17-Jul-18,Jul,2018,FALL,F,W,fail,W
2018,FALL,MATH209,MATH115,0,312,15,20-Aug-18,P100021964,3ff0da47,31-Jul-18,Jul,2019,SPRING,C-,D,pass ,fail
2018,FALL,MATH209,MATH115,0,510,15,20-Aug-18,P100003700,3fdcece9,19-Jul-18,Jul,2020,SPRING,C+,C+,pass ,pass 
2018,FALL,MATH209,MATH115,0,510,15,20-Aug-18,P107265288,3feffa23,20-Jul-18,Jul,2020,SPRING,F,F,fail,fail
2018,SPRING,MATH120,MATH115,0,609,15,10-Jan-18,P107265286,3fe9d46d,17-Nov-17,Nov,2020,SPRING,D,C-,fail,pass 
2018,FALL,MATH115,MATH115,1,412,16,20-Aug-18,P008616066,3ff00bad,24-Jul-18,Jul,2019,SPRING,A-,A-,pass ,pass 
2018,FALL,MATH115,MATH115,1,610,16,20-Aug-18,P008616066,3ff03641,18-Jul-18,Jul,2020,SPRING,D,D,fail,fail
2018,FALL,MATH115,MATH115,1,610,16,20-Aug-18,P107265286,3fefeed9,18-Jul-18,Jul,2020,SPRING,C,B-,pass ,pass 
2018,FALL,MATH115,MATH115,1,610,16,20-Aug-18,P107265286,3ff101e3,13-Jul-18,Jul,2019,SPRING,D,F,fail,fail
2018,FALL,MATH115,MATH115,1,709,16,20-Aug-18,P107265286,3ff089f7,23-Jul-18,Jul,2020,SPRING,B-,C+,pass ,pass 
2018,FALL,MATH115,MATH115,1,610,16,20-Aug-18,P107265286,3ff1467b,16-Jul-18,Jul,2019,SPRING,W,,W,
2018,FALL,MATH115,MATH115,1,511,16,20-Aug-18,P107266245,3ff0f397,30-Jul-18,Jul,2020,SPRING,B,C+,pass ,pass 
2018,FALL,MATH115,MATH120,0,808,16,20-Aug-18,P107266245,3ff00eeb,19-Jul-18,Jul,2020,SPRING,D,D,fail,fail
2018,FALL,MATH116,MATH115,0,511,16,20-Aug-18,P107180114,3fe580c5,24-Jul-18,Jul,2018,FALL,W,,W,
2018,FALL,MATH116,MATH115,0,511,16,20-Aug-18,P107180114,3fe9fd0d,3-Jul-18,Jul,2020,SPRING,B,A,pass ,pass 
2018,FALL,MATH116,MATH115,0,709,16,20-Aug-18,P089009198,3ff1947d,21-Jun-18,Jun,2019,FALL,A,A,pass ,pass 
2018,FALL,MATH116,MATH115,0,511,16,20-Aug-18,P089009198,3fee54b1,2-Jul-18,Jul,2020,SPRING,A,A,pass ,pass 
2018,FALL,MATH116,MATH115,0,511,16,20-Aug-18,P107266245,3ff22d93,17-Jul-18,Jul,2019,SPRING,B,B,pass ,pass 
2018,FALL,MATH209,MATH115,0,709,16,20-Aug-18,P002014415,3fe48a7b,24-Jul-18,Jul,2019,SPRING,B,B,pass ,pass 
2018,FALL,MATH209,MATH115,0,610,16,20-Aug-18,P100003700,3ff062a1,21-Aug-18,Aug,2018,FALL,W,,W,
2018,FALL,MATH209,MATH115,0,412,16,20-Aug-18,P100003700,3fee9557,24-Jul-18,Jul,2019,SPRING,C-,D,pass ,fail
2018,FALL,MATH209,MATH115,0,709,16,20-Aug-18,P100003700,3ff1e973,20-Jul-18,Jul,2018,FALL,F,F,fail,fail
2018,FALL,MATH115,MATH115,1,611,17,20-Aug-18,P008616066,3fdf7f63,20-Jul-18,Jul,2020,SPRING,B-,C,pass ,pass 
2018,FALL,MATH115,MATH115,1,611,17,20-Aug-18,P008616066,3fe95bcd,16-Jul-18,Jul,2020,SPRING,B,B,pass ,pass 
2018,FALL,MATH115,MATH115,1,611,17,20-Aug-18,P008616066,3ff223b1,8-Aug-18,Aug,2020,SPRING,B,B,pass ,pass 
2018,FALL,MATH115,MATH115,1,512,17,20-Aug-18,P107265286,3fe2b2f5,23-Jul-18,Jul,2018,FALL,W,,W,
2018,FALL,MATH115,MATH115,1,710,17,20-Aug-18,P107265286,3ff06535,23-Jul-18,Jul,2020,SPRING,B-,C,pass ,pass 
2018,FALL,MATH115,MATH115,1,611,17,20-Aug-18,P107266245,3fe0bc57,17-Jul-18,Jul,2020,SPRING,D,D,fail,fail
2018,FALL,MATH115,MATH115,1,611,17,20-Aug-18,P107266245,3fdfb573,23-Jul-18,Jul,2020,SPRING,W,,W,
2018,FALL,MATH115,MATH115,1,710,17,20-Aug-18,P107266245,3fdff5ab,23-Jul-18,Jul,2020,SPRING,C,D,pass ,fail
2018,FALL,MATH115,MATH115,1,611,17,20-Aug-18,P107266245,3ff222b7,16-Jul-18,Jul,2020,SPRING,F,C,fail,pass 
2018,FALL,MATH116,MATH120,0,809,17,20-Aug-18,P100062478,3ff21e75,23-Jul-18,Jul,2019,FALL,C,,pass ,
2018,FALL,MATH116,MATH115,0,710,17,20-Aug-18,P089009198,3ff227b7,21-Aug-18,Aug,2020,SPRING,A,A,pass ,pass 
2018,FALL,MATH117,MATH120,0,908,17,20-Aug-18,P107180113,3fef1f45,16-Jul-18,Jul,2020,SPRING,B,C,pass ,pass 
2018,FALL,MATH117,MATH120,0,908,17,20-Aug-18,P107180113,3feff857,19-Aug-18,Aug,2020,SPRING,A,A,pass ,pass 
2018,FALL,MATH209,MATH120,0,908,17,20-Aug-18,P100021964,3ff10a99,17-Aug-18,Aug,2020,SPRING,F,W,fail,W
2018,FALL,MATH209,MATH120,0,809,17,20-Aug-18,P100021964,3fea70e9,17-Aug-18,Aug,2020,SPRING,B-,C-,pass ,pass 
2018,FALL,MATH209,MATH115,0,611,17,20-Aug-18,P093001886,3fe24635,16-Aug-18,Aug,2019,SPRING,C,C-,pass ,pass 
2018,FALL,MATH209,MATH115,0,611,17,20-Aug-18,P100003700,3fef5df7,19-Jul-18,Jul,2020,SPRING,C-,W,pass ,W
2018,FALL,MATH209,MATH120,0,809,17,20-Aug-18,P100003700,3fec4937,13-Aug-18,Aug,2020,SPRING,F,C-,fail,pass 
2018,FALL,MATH209,MATH115,0,710,17,20-Aug-18,P100003700,3fef61a3,17-Aug-18,Aug,2020,SPRING,C-,C,pass ,pass 
2018,FALL,MATH115,MATH115,1,612,18,20-Aug-18,P008616066,3fefe33f,16-Jul-18,Jul,2019,SPRING,C-,D,pass ,fail
2018,FALL,MATH115,MATH115,1,513,18,20-Aug-18,P008616066,3ff01201,16-Jul-18,Jul,2019,FALL,C-,C,pass ,pass 
2018,FALL,MATH115,MATH115,1,513,18,20-Aug-18,P008616066,3fe3f38b,23-Jul-18,Jul,2019,FALL,B+,A-,pass ,pass 
2018,FALL,MATH115,MATH115,1,711,18,20-Aug-18,P008616066,3fee44f3,18-Jul-18,Jul,2018,FALL,D,F,fail,fail
2018,FALL,MATH115,MATH115,1,711,18,20-Aug-18,P107265286,3ff0060d,16-Jul-18,Jul,2020,SPRING,B,B-,pass ,pass 
2018,FALL,MATH115,MATH115,1,612,18,20-Aug-18,P107265286,3ff0123d,16-Jul-18,Jul,2020,SPRING,B,B-,pass ,pass 
2018,FALL,MATH115,MATH120,0,909,18,20-Aug-18,P107266245,3fe70ec7,24-Jul-18,Jul,2019,SUMMER,B,C,pass ,pass 
2018,FALL,MATH116,MATH115,0,711,18,20-Aug-18,P100062478,3ff0fa77,17-Jul-18,Jul,2020,SPRING,B,,pass ,
2018,FALL,MATH116,MATH120,0,810,18,20-Aug-18,P089009198,3ff01355,23-Jul-18,Jul,2020,SPRING,A,C,pass ,pass 
2018,FALL,MATH117,MATH120,0,909,18,20-Aug-18,P107265286,3fe10a9f,17-Jul-18,Jul,2019,SPRING,D-,D-,fail,fail
2018,FALL,MATH120,MATH120,1,810,18,20-Aug-18,P107180113,3feff0eb,17-Jul-18,Jul,2020,SPRING,C+,D,pass ,fail
2018,FALL,MATH120,MATH120,1,909,18,20-Aug-18,P093001886,3fe29789,18-Jul-18,Jul,2020,SPRING,C,C,pass ,pass 
2018,FALL,MATH209,MATH120,0,810,18,20-Aug-18,P002014415,3ff2303b,16-Jul-18,Jul,2020,SPRING,B,D,pass ,fail
2018,FALL,MATH209,MATH120,0,810,18,20-Aug-18,P093001886,3feab315,17-Jul-18,Jul,2020,SPRING,C,D,pass ,fail
2018,FALL,MATH209,MATH115,0,612,18,20-Aug-18,P100003700,3ff03a8d,20-Jul-18,Jul,2020,SPRING,D,D+,fail,fail
2018,FALL,MATH209,MATH115,0,711,18,20-Aug-18,P100003700,3ff14dfb,17-Jul-18,Jul,2018,FALL,F,D-,fail,fail
2018,FALL,MATH209,MATH115,0,711,18,20-Aug-18,P107265288,3ff00fdb,18-Jul-18,Jul,2018,FALL,F,F,fail,fail
2018,FALL,MATH115,MATH115,1,712,19,20-Aug-18,P008616066,3fefd1e7,16-Jul-18,Jul,2020,SPRING,B,B,pass ,pass 
2018,FALL,MATH115,MATH115,1,712,19,20-Aug-18,P008616066,3feb3dfd,18-Jul-18,Jul,2019,FALL,A,A,pass ,pass 
2018,FALL,MATH115,MATH115,1,712,19,20-Aug-18,P008616066,3feff753,24-Jul-18,Jul,2020,SPRING,C,B-,pass ,pass 
2018,FALL,MATH115,MATH115,1,613,19,20-Aug-18,P008616066,3ff17d03,17-Jul-18,Jul,2020,SPRING,B,B,pass ,pass 
2018,FALL,MATH115,MATH115,1,613,19,20-Aug-18,P008616066,3fe56fbd,18-Jul-18,Jul,2020,SPRING,B,B,pass ,pass 
2018,FALL,MATH115,MATH115,1,712,19,20-Aug-18,P008616066,3ff0f3b5,18-Jul-18,Jul,2020,SPRING,B-,C,pass ,pass 
2018,FALL,MATH115,MATH115,1,613,19,20-Aug-18,P107265286,3ff01053,20-Jul-18,Jul,2020,SPRING,D+,D,fail,fail
2018,FALL,MATH115,MATH115,1,712,19,20-Aug-18,P107266245,3feaefe7,23-Jul-18,Jul,2020,SPRING,B,C+,pass ,pass 
2018,FALL,MATH115,MATH115,1,514,19,20-Aug-18,P107266245,3fe741ad,18-Jul-18,Jul,2019,SPRING,A,D,pass ,fail
2018,FALL,MATH115,MATH115,1,712,19,20-Aug-18,P107266245,3fe9b375,20-Jul-18,Jul,2020,SPRING,B,B+,pass ,pass 
2018,FALL,MATH116,MATH120,0,910,19,20-Aug-18,P100062478,3ff2516f,13-Aug-18,Aug,2018,FALL,B-,,pass ,
2018,FALL,MATH116,MATH115,0,712,19,20-Aug-18,P107266245,3ff00f95,20-Jul-18,Jul,2020,SPRING,C+,C,pass ,pass 
2018,FALL,MATH117,MATH120,0,1009,19,20-Aug-18,P107265286,3fe0a0ff,16-Jul-18,Jul,2019,SPRING,D-,D,fail,fail
2018,FALL,MATH117,MATH120,0,811,19,20-Aug-18,P107265286,3fdc4735,16-Jul-18,Jul,2020,SPRING,C,D,pass ,fail
2018,FALL,MATH117,MATH120,0,910,19,20-Aug-18,P107265286,3ff00f27,16-Jul-18,Jul,2018,FALL,F,F,fail,fail
2018,FALL,MATH117,MATH120,0,910,19,20-Aug-18,P107180113,3ff0e217,23-Jul-18,Jul,2018,FALL,F,F,fail,fail
2018,FALL,MATH117,MATH120,0,910,19,20-Aug-18,P107180113,3fedf417,20-Jul-18,Jul,2020,SPRING,A,A,pass ,pass 
2018,FALL,MATH117,MATH120,0,811,19,20-Aug-18,P107180113,3fddf00d,24-Jul-18,Jul,2020,SPRING,D,W,fail,W
2018,FALL,MATH209,MATH115,0,613,19,20-Aug-18,P008616066,3fef6f1d,12-Jul-18,Jul,2020,SPRING,A,A-,pass ,pass 
2018,FALL,MATH209,MATH115,0,712,19,20-Aug-18,P008616066,3ff06689,24-Jul-18,Jul,2020,SPRING,D,D,fail,fail
2018,FALL,MATH209,MATH115,0,514,19,20-Aug-18,P100021964,3fefe9b1,16-Jul-18,Jul,2020,SPRING,B-,C,pass ,pass 
2018,FALL,MATH209,MATH115,0,514,19,20-Aug-18,P100003700,3fefb153,3-Aug-18,Aug,2020,SPRING,F,D-,fail,fail
2018,FALL,MATH209,MATH115,0,613,19,20-Aug-18,P100003700,3ff00121,16-Jul-18,Jul,2019,SPRING,F,F,fail,fail
2018,FALL,MATH209,MATH120,0,910,19,20-Aug-18,P093001886,3ff008c9,18-Jul-18,Jul,2020,SPRING,A,A,pass ,pass 
2018,FALL,MATH209,MATH120,0,811,19,20-Aug-18,P100003700,3ff01cdd,20-Jul-18,Jul,2018,FALL,F,F,fail,fail
2018,FALL,MATH209,MATH120,0,811,19,20-Aug-18,P100003700,3ff22ded,7-Aug-18,Aug,2019,SPRING,F,W,fail,W
2018,FALL,MATH209,MATH115,0,712,19,20-Aug-18,P100003700,3fee7ec3,27-Jul-18,Jul,2020,SPRING,B-,B,pass ,pass 
2018,FALL,MATH209,MATH120,0,811,19,20-Aug-18,P107265288,3fe7cf1f,7-Aug-18,Aug,2019,SPRING,C,D-,pass ,fail
2018,FALL,MATH209,MATH115,0,712,19,20-Aug-18,P107265288,3fe2ef8b,16-Aug-18,Aug,2019,SPRING,D-,W,fail,W
2018,FALL,MATH209,MATH120,0,811,19,20-Aug-18,P107265288,3fecea9f,18-Jul-18,Jul,2020,SPRING,C,D-,pass ,fail
2018,FALL,MATH209,MATH120,0,811,19,20-Aug-18,P107265288,3fefd5e3,17-Jul-18,Jul,2020,SPRING,C,C,pass ,pass 
2018,FALL,MATH115,MATH115,1,713,20,20-Aug-18,P008616066,3fe4150f,17-Jul-18,Jul,2020,SPRING,B+,B,pass ,pass 
2018,FALL,MATH115,MATH115,1,515,20,20-Aug-18,P008616066,3fe3eca1,17-Jul-18,Jul,2018,FALL,B+,C,pass ,pass 
2018,FALL,MATH115,MATH115,1,614,20,20-Aug-18,P008616066,3fee0b41,16-Jul-18,Jul,2020,SPRING,F,W,fail,W
2018,FALL,MATH115,MATH115,1,713,20,20-Aug-18,P107265286,3fe275e7,18-Jul-18,Jul,2019,SPRING,C,B-,pass ,pass 
2018,FALL,MATH115,MATH115,1,713,20,20-Aug-18,P107265286,3ff22573,16-Jul-18,Jul,2019,SPRING,B-,B-,pass ,pass 
2018,FALL,MATH115,MATH115,1,614,20,20-Aug-18,P107266245,3ff00fd1,17-Jul-18,Jul,2019,FALL,A,A,pass ,pass 
2018,FALL,MATH115,MATH120,0,812,20,20-Aug-18,P107266245,3fee81e3,20-Aug-18,Aug,2020,SPRING,B,C+,pass ,pass 
2018,FALL,MATH116,MATH120,0,1109,20,20-Aug-18,P100062478,3fdc4163,24-Jul-18,Jul,2020,SPRING,B,,pass ,
2018,FALL,MATH116,MATH115,0,614,20,20-Aug-18,P100062478,3ff1c58d,24-Jul-18,Jul,2018,FALL,F,,fail,
2018,FALL,MATH116,MATH120,0,911,20,20-Aug-18,P100062478,3fefede9,16-Jul-18,Jul,2020,SPRING,B,,pass ,
2018,FALL,MATH116,MATH120,0,812,20,20-Aug-18,P100062478,3ff0ac6b,17-Jul-18,Jul,2020,SPRING,B+,,pass ,
2018,FALL,MATH116,MATH120,0,1010,20,20-Aug-18,P107180114,3feff0ff,18-Jul-18,Jul,2020,SPRING,A,A,pass ,pass 
2018,FALL,MATH116,MATH120,0,812,20,20-Aug-18,P089009198,3ff0f9e1,17-Aug-18,Aug,2019,SPRING,A,A,pass ,pass 
2018,FALL,MATH116,MATH120,0,911,20,20-Aug-18,P107266245,3ff00d6f,19-Jul-18,Jul,2019,SPRING,C,D,pass ,fail
2018,FALL,MATH116,MATH120,0,1010,20,20-Aug-18,P107266245,3fec7e11,20-Jul-18,Jul,2019,FALL,C,D+,pass ,fail
2018,FALL,MATH116,MATH115,0,713,20,20-Aug-18,P107266245,3fe8b655,19-Jul-18,Jul,2018,FALL,C+,B,pass ,pass 
2018,FALL,MATH116,MATH120,0,911,20,20-Aug-18,P107266245,3fee0c27,21-Aug-18,Aug,2018,FALL,F,W,fail,W
2018,FALL,MATH117,MATH120,0,911,20,20-Aug-18,P107265286,3ff0bb89,21-Aug-18,Aug,2019,SPRING,C+,B-,pass ,pass 
2018,FALL,MATH117,MATH120,0,1010,20,20-Aug-18,P107265286,3ff22451,19-Jul-18,Jul,2019,SPRING,F,F,fail,fail
2018,FALL,MATH117,MATH120,0,812,20,20-Aug-18,P107265286,3fdff425,20-Jul-18,Jul,2020,SPRING,F,W,fail,W
2018,FALL,MATH117,MATH120,0,911,20,20-Aug-18,P107265286,3fefa3ed,23-Jul-18,Jul,2020,SPRING,D-,W,fail,W
2018,FALL,MATH117,MATH120,0,911,20,20-Aug-18,P107180113,3fe2bc23,23-Jul-18,Jul,2020,SPRING,D-,W,fail,W
2018,FALL,MATH117,MATH120,0,812,20,20-Aug-18,P107180113,3fe891cf,20-Jul-18,Jul,2020,SPRING,D,W,fail,W
2018,FALL,MATH120,MATH120,1,1010,20,20-Aug-18,P107180113,3ba4cfe3,25-Jul-18,Jul,2019,FALL,B,D,pass ,fail
2018,FALL,MATH120,MATH120,1,1010,20,20-Aug-18,P100021964,3fefadcf,18-Jul-18,Jul,2019,SPRING,C-,D,pass ,fail
2018,FALL,MATH120,MATH120,1,1109,20,20-Aug-18,P093001886,3fedc4d3,18-Jul-18,Jul,2020,SPRING,C,B,pass ,pass 
2018,FALL,MATH120,MATH120,1,812,20,20-Aug-18,P100062478,3fe00609,18-Jul-18,Jul,2020,SPRING,B-,,pass ,
2018,FALL,MATH120,MATH120,1,812,20,20-Aug-18,P100062478,3fdf5a29,17-Jul-18,Jul,2020,SPRING,D,,fail,
2018,FALL,MATH209,MATH120,0,812,20,20-Aug-18,P002014415,3feffb59,16-Jul-18,Jul,2020,SPRING,B,B-,pass ,pass 
2018,FALL,MATH209,MATH115,0,713,20,20-Aug-18,P100021964,3fdf5443,6-Aug-18,Aug,2019,FALL,B,B,pass ,pass 
2018,FALL,MATH209,MATH115,0,713,20,20-Aug-18,P100003700,3feff433,17-Aug-18,Aug,2020,SPRING,F,W,fail,W
2018,FALL,MATH209,MATH120,0,812,20,20-Aug-18,P100003700,3ff0ace3,17-Jul-18,Jul,2019,FALL,D,W,fail,W
2018,FALL,MATH209,MATH120,0,911,20,20-Aug-18,P100003700,3ff00e0f,16-Jul-18,Jul,2019,SPRING,D,D,fail,fail
2018,FALL,MATH209,MATH120,0,812,20,20-Aug-18,P107265288,3fe784d3,20-Jul-18,Jul,2020,SPRING,C,D-,pass ,fail
2018,FALL,MATH209,MATH120,0,911,20,20-Aug-18,P107265288,3fe35ceb,12-Jul-18,Jul,2020,SPRING,B-,A,pass ,pass 
2018,FALL,MATH115,MATH115,1,714,21,20-Aug-18,P008616066,3fe5d395,18-Jul-18,Jul,2020,SPRING,A-,A,pass ,pass 
2018,FALL,MATH115,MATH115,1,714,21,20-Aug-18,P008616066,3fefe993,17-Jul-18,Jul,2018,FALL,C,C-,pass ,pass 
2018,FALL,MATH115,MATH115,1,714,21,20-Aug-18,P008616066,3fed2037,17-Jul-18,Jul,2020,SPRING,B,B,pass ,pass 
2018,FALL,MATH115,MATH115,1,714,21,20-Aug-18,P107265286,3ff00897,16-Jul-18,Jul,2018,FALL,C,D+,pass ,fail
2018,FALL,MATH115,MATH115,1,714,21,20-Aug-18,P107265286,3ff01387,17-Jul-18,Jul,2019,SPRING,B,B,pass ,pass 
2018,FALL,MATH115,MATH120,0,1209,21,20-Aug-18,P107266245,3ff0b84b,29-Aug-18,Aug,2018,FALL,F,F,fail,fail
2018,FALL,MATH116,MATH120,0,1011,21,20-Aug-18,P107180114,3fe422a7,24-Jul-18,Jul,2020,SPRING,B,A,pass ,pass 
2018,FALL,MATH116,MATH120,0,813,21,20-Aug-18,P089009198,3ff0aae5,18-Jul-18,Jul,2018,FALL,A,C,pass ,pass 
2018,FALL,MATH116,MATH120,0,813,21,20-Aug-18,P089009198,3fe84125,17-Jul-18,Jul,2019,SPRING,A,A,pass ,pass 
2018,FALL,MATH116,MATH120,0,1209,21,20-Aug-18,P107266245,3fefe80d,18-Jul-18,Jul,2018,FALL,B+,C,pass ,pass 
2018,FALL,MATH116,MATH120,0,912,21,20-Aug-18,P107266245,3ff03ca9,20-Jul-18,Jul,2019,FALL,F,F,fail,fail
2018,FALL,MATH117,MATH120,0,912,21,20-Aug-18,P107265286,3ff011f7,30-Aug-18,Aug,2019,SPRING,F,F,fail,fail
2018,FALL,MATH117,MATH120,0,813,21,20-Aug-18,P107265286,3fdfaf33,20-Jul-18,Jul,2020,SPRING,A,A-,pass ,pass 
2018,FALL,MATH117,MATH120,0,912,21,20-Aug-18,P107180113,3fefdfa7,16-Jul-18,Jul,2019,SPRING,B-,C,pass ,pass 
2018,FALL,MATH117,MATH120,0,912,21,20-Aug-18,P107180113,3fe50339,20-Jul-18,Jul,2018,FALL,D,C,fail,pass 
2018,FALL,MATH120,MATH120,1,813,21,20-Aug-18,P107180113,3fee335f,18-Jul-18,Jul,2020,SPRING,A-,A,pass ,pass 
2018,FALL,MATH120,MATH120,1,813,21,20-Aug-18,P100021964,3ff0d8cb,18-Jul-18,Jul,2020,SPRING,I,W,I,W
2018,FALL,MATH120,MATH120,1,1011,21,20-Aug-18,P093001886,3fdc6de1,16-Jul-18,Jul,2020,SPRING,D,D,fail,fail
2018,FALL,MATH120,MATH115,0,714,21,20-Aug-18,P107180114,3ff04db1,8-Aug-18,Aug,2019,SPRING,D,C,fail,pass 
2018,FALL,MATH209,MATH120,0,912,21,20-Aug-18,P008616066,3ff22bef,24-Jul-18,Jul,2018,FALL,W,,W,
2018,FALL,MATH209,MATH120,0,1011,21,20-Aug-18,P002014415,3ff01233,24-Jul-18,Jul,2019,SPRING,A,A,pass ,pass 
2018,FALL,MATH209,MATH115,0,714,21,20-Aug-18,P100003700,3ff04db1,8-Aug-18,Aug,2019,SPRING,D,D-,fail,fail
2018,FALL,MATH209,MATH120,0,813,21,20-Aug-18,P100003700,3ff0ceb7,19-Jul-18,Jul,2020,SPRING,F,C,fail,pass 
2018,FALL,MATH209,MATH120,0,912,21,20-Aug-18,P093001886,3ff09d2f,18-Jul-18,Jul,2019,SPRING,B,B,pass ,pass 
2018,FALL,MATH209,MATH120,0,912,21,20-Aug-18,P100003700,3fe3fde5,17-Jul-18,Jul,2018,FALL,B,B,pass ,pass 
2018,FALL,MATH209,MATH120,0,912,21,20-Aug-18,P100003700,3ff00e4b,7-Aug-18,Aug,2019,FALL,D+,C,fail,pass 
2018,FALL,MATH209,MATH120,0,813,21,20-Aug-18,P107265288,3ff00c2f,30-Jul-18,Jul,2019,SPRING,A,B,pass ,pass 
2018,FALL,MATH209,MATH120,0,912,21,20-Aug-18,P107265288,3fdfea75,20-Jul-18,Jul,2019,SPRING,D+,D-,fail,fail
2018,FALL,MATH115,MATH120,0,814,22,20-Aug-18,P008616066,3ff012b5,10-Sep-18,Sep,2019,SPRING,F,W,fail,W
2018,FALL,MATH116,MATH120,0,1111,22,20-Aug-18,P089009198,3ff1cf79,17-Jul-18,Jul,2020,SPRING,B,B,pass ,pass 
2018,FALL,MATH116,MATH120,0,814,22,20-Aug-18,P107266245,3fedc6a9,20-Jul-18,Jul,2020,SPRING,A,A,pass ,pass 
2018,FALL,MATH116,MATH120,0,1012,22,20-Aug-18,P107266245,3feef579,19-Jul-18,Jul,2020,SPRING,D,C,fail,pass 
2018,FALL,MATH116,MATH120,0,1012,22,20-Aug-18,P107266245,3fefeaa1,20-Jul-18,Jul,2020,SPRING,A,A,pass ,pass 
2018,FALL,MATH117,MATH120,0,913,22,20-Aug-18,P107265286,3fe6f509,16-Jul-18,Jul,2018,FALL,W,,W,
2018,FALL,MATH117,MATH120,0,1012,22,20-Aug-18,P107265286,3fe3fba1,23-Jul-18,Jul,2020,SPRING,B,B-,pass ,pass 
2018,FALL,MATH117,MATH120,0,913,22,20-Aug-18,P107180113,3fee9e85,16-Jul-18,Jul,2019,FALL,A,B,pass ,pass 
2018,FALL,MATH117,MATH120,0,1012,22,20-Aug-18,P107180113,3ff11133,23-Jul-18,Jul,2018,FALL,F,F,fail,fail
2018,FALL,MATH117,MATH120,0,1012,22,20-Aug-18,P107180113,3fe35183,17-Jul-18,Jul,2020,SPRING,B,C,pass ,pass 
2018,FALL,MATH120,MATH120,1,913,22,20-Aug-18,P089003876,3fe74563,20-Aug-18,Aug,2019,SPRING,B,D,pass ,fail
2018,FALL,MATH120,MATH120,1,1111,22,20-Aug-18,P107180113,3fe8dcf7,18-Jul-18,Jul,2020,SPRING,B,B,pass ,pass 
2018,FALL,MATH120,MATH120,1,913,22,20-Aug-18,P100021964,3ff0d853,18-Jul-18,Jul,2018,FALL,D,W,fail,W
2018,FALL,MATH120,MATH120,1,913,22,20-Aug-18,P093001886,3feeac8b,16-Jul-18,Jul,2020,SPRING,C,C-,pass ,pass 
2018,FALL,MATH120,MATH120,1,1012,22,20-Aug-18,P093001886,3ff0d079,17-Jul-18,Jul,2019,SPRING,F,W,fail,W
2018,FALL,MATH120,MATH120,1,1210,22,20-Aug-18,P100062478,3fef1185,24-Jul-18,Jul,2020,SPRING,C,,pass ,
2018,FALL,MATH209,MATH120,0,1111,22,20-Aug-18,P002014415,3fefb08b,16-Jul-18,Jul,2020,SPRING,B,C,pass ,pass 
2018,FALL,MATH209,MATH120,0,913,22,20-Aug-18,P002014415,3ff01099,13-Jul-18,Jul,2018,FALL,A,C,pass ,pass 
2018,FALL,MATH209,MATH120,0,913,22,20-Aug-18,P100003700,3fe93f03,19-Jul-18,Jul,2020,SPRING,C-,D-,pass ,fail
2018,FALL,MATH209,MATH120,0,1012,22,20-Aug-18,P100003700,3ff02fcf,18-Jul-18,Jul,2020,SPRING,C-,C+,pass ,pass 
2018,FALL,MATH209,MATH120,0,1210,22,20-Aug-18,P107265288,3fefe6cd,20-Jul-18,Jul,2020,SPRING,B-,B,pass ,pass 
2018,FALL,MATH112,MATH120,0,1112,23,20-Aug-18,P100062478,3fefe9bb,30-Aug-18,Aug,2020,SPRING,C-,,pass ,
2018,FALL,MATH116,MATH120,0,914,23,20-Aug-18,P100062478,3feb1b7f,12-Jul-18,Jul,2019,SPRING,A+,,pass ,
2018,FALL,MATH116,MATH120,0,815,23,20-Aug-18,P089009198,3ff213a3,29-Jun-18,Jun,2020,SPRING,C,C,pass ,pass 
2018,FALL,MATH117,MATH120,0,914,23,20-Aug-18,P107265286,3fefcdaf,16-Jul-18,Jul,2020,SPRING,A,A,pass ,pass 
2018,FALL,MATH117,MATH120,0,1013,23,20-Aug-18,P107265286,3fef67c5,16-Jul-18,Jul,2020,SPRING,B+,B,pass ,pass 
2018,FALL,MATH117,MATH120,0,1112,23,20-Aug-18,P107265286,3ff150cb,20-Jul-18,Jul,2020,SPRING,F,F,fail,fail
2018,FALL,MATH117,MATH120,0,1211,23,20-Aug-18,P107265286,3fef59d3,20-Jul-18,Jul,2020,SPRING,B,C+,pass ,pass 
2018,FALL,MATH117,MATH120,0,1013,23,20-Aug-18,P107265286,3ff0bbed,23-Jul-18,Jul,2019,FALL,F,F,fail,fail
2018,FALL,MATH117,MATH120,0,914,23,20-Aug-18,P107180113,3fef5b4f,1-Aug-18,Aug,2018,FALL,C,C,pass ,pass 
2018,FALL,MATH117,MATH120,0,1211,23,20-Aug-18,P107180113,3fee21c1,23-Jul-18,Jul,2019,SUMMER,C,B,pass ,pass 
2018,FALL,MATH120,MATH120,1,914,23,20-Aug-18,P089003876,3fefbfc7,16-Jul-18,Jul,2020,SPRING,C+,C,pass ,pass 
2018,FALL,MATH120,MATH120,1,914,23,20-Aug-18,P093001886,3fee33a5,18-Jul-18,Jul,2020,SPRING,F,D,fail,fail
2018,FALL,MATH120,MATH120,1,1211,23,20-Aug-18,P093001886,3ba90f77,12-Jul-18,Jul,2018,FALL,W,,W,
2018,FALL,MATH120,MATH120,1,815,23,20-Aug-18,P093001886,3ff005b3,18-Jul-18,Jul,2018,FALL,F,F,fail,fail
2018,FALL,MATH120,MATH120,1,815,23,20-Aug-18,P100062478,3ff21c8b,18-Jul-18,Jul,2020,SPRING,B,,pass ,
2018,FALL,MATH120,MATH120,1,1112,23,20-Aug-18,P100062478,3fecaf53,18-Jul-18,Jul,2019,FALL,F,,fail,
2018,FALL,MATH120,MATH120,1,1013,23,20-Aug-18,P100062478,3fefd903,17-Jul-18,Jul,2020,SPRING,C,,pass ,
2018,FALL,MATH209,MATH120,0,1310,23,20-Aug-18,P008616066,3ff00b99,24-Jul-18,Jul,2018,FALL,I,F,I,fail
2018,FALL,MATH209,MATH120,0,1211,23,20-Aug-18,P008616066,3fec314f,12-Jul-18,Jul,2020,SPRING,D,C-,fail,pass 
2018,FALL,MATH209,MATH120,0,914,23,20-Aug-18,P002014415,3fe25fe9,17-Jul-18,Jul,2018,FALL,A,W,pass ,W
2018,FALL,MATH209,MATH120,0,1112,23,20-Aug-18,P002014415,3fd8cd5d,16-Jul-18,Jul,2019,SPRING,A,A+,pass ,pass 
2018,FALL,MATH209,MATH120,0,914,23,20-Aug-18,P002014415,3ff10df5,14-Aug-18,Aug,2018,FALL,D-,F,fail,fail
2018,FALL,MATH209,MATH120,0,1013,23,20-Aug-18,P100003700,3fe096cd,19-Jul-18,Jul,2020,SPRING,B,B,pass ,pass 
2018,FALL,MATH209,MATH120,0,914,23,20-Aug-18,P093001886,3fe92973,18-Jul-18,Jul,2018,FALL,A,A,pass ,pass 
2018,FALL,MATH209,MATH120,0,1013,23,20-Aug-18,P093001886,3ff1138b,19-Jul-18,Jul,2019,SUMMER,F,F,fail,fail
2018,FALL,MATH209,MATH120,0,1013,23,20-Aug-18,P093001886,3ff0fad1,18-Jul-18,Jul,2020,SPRING,B,A,pass ,pass 
2018,FALL,MATH209,MATH120,0,914,23,20-Aug-18,P093001886,3ff10acb,19-Jul-18,Jul,2020,SPRING,C,D,pass ,fail
2018,FALL,MATH209,MATH120,0,1112,23,20-Aug-18,P100003700,3ff115a7,18-Jul-18,Jul,2019,FALL,B,C,pass ,pass 
2018,FALL,MATH209,MATH120,0,815,23,20-Aug-18,P100003700,3fef82a5,19-Jul-18,Jul,2019,FALL,C+,B-,pass ,pass 
2018,FALL,MATH209,MATH120,0,914,23,20-Aug-18,P100003700,3fe1832b,18-Jul-18,Jul,2019,SPRING,D,D+,fail,fail
2018,FALL,MATH209,MATH120,0,815,23,20-Aug-18,P100003700,3fe87ebf,18-Jul-18,Jul,2020,SPRING,B+,B,pass ,pass 
2018,FALL,MATH209,MATH120,0,815,23,20-Aug-18,P107265288,3ff10b25,1-Aug-18,Aug,2018,FALL,B,B-,pass ,pass 
2018,FALL,MATH209,MATH120,0,914,23,20-Aug-18,P107265288,3fe49d81,19-Jul-18,Jul,2020,SPRING,B-,C,pass ,pass 
2018,FALL,MATH209,MATH120,0,815,23,20-Aug-18,P107265288,3febe753,18-Jul-18,Jul,2020,SPRING,C,C+,pass ,pass 
2018,FALL,MATH112,MATH120,0,1311,24,20-Aug-18,P100062478,3feff87f,20-Aug-18,Aug,2019,SPRING,B-,,pass ,
2018,FALL,MATH115,MATH120,0,1311,24,20-Aug-18,P107265286,3fee0b9b,3-Aug-18,Aug,2020,SPRING,B+,A-,pass ,pass 
2018,FALL,MATH115,MATH120,0,1014,24,20-Aug-18,P107265286,3ff22de3,3-Jul-18,Jul,2020,SPRING,C+,C,pass ,pass 
2018,FALL,MATH115,MATH120,0,1014,24,20-Aug-18,P107266245,3feff6bd,19-Jul-18,Jul,2020,SPRING,C,A,pass ,pass 
2018,FALL,MATH116,MATH120,0,816,24,20-Aug-18,P100062478,3fe8552f,16-Jul-18,Jul,2020,SPRING,A+,,pass ,
2018,FALL,MATH116,MATH120,0,1113,24,20-Aug-18,P089009198,3ff25151,7-Aug-18,Aug,2019,SPRING,A,A,pass ,pass 
2018,FALL,MATH116,MATH120,0,1113,24,20-Aug-18,P089009198,3ff0083d,19-Jul-18,Jul,2019,SPRING,D,F,fail,fail
2018,FALL,MATH116,MATH120,0,1014,24,20-Aug-18,P107266245,3ff0e947,18-Jul-18,Jul,2020,SPRING,B,B,pass ,pass 
2018,FALL,MATH117,MATH120,0,1113,24,20-Aug-18,P107265286,3fe96c8f,17-Jul-18,Jul,2020,SPRING,B-,B,pass ,pass 
2018,FALL,MATH117,MATH120,0,915,24,20-Aug-18,P107265286,3ff01139,20-Jul-18,Jul,2019,SPRING,F,W,fail,W
2018,FALL,MATH117,MATH120,0,1014,24,20-Aug-18,P107180113,3ff012e7,16-Jul-18,Jul,2020,SPRING,A,A,pass ,pass 
2018,FALL,MATH117,MATH120,0,1113,24,20-Aug-18,P107180113,3fee0dad,17-Jul-18,Jul,2020,SPRING,B,B,pass ,pass 
2018,FALL,MATH117,MATH120,0,915,24,20-Aug-18,P107180113,3ff0fd8d,16-Jul-18,Jul,2020,SPRING,F,C,fail,pass 
2018,FALL,MATH117,MATH120,0,1014,24,20-Aug-18,P107180113,3fee7bd5,12-Jul-18,Jul,2020,SPRING,A,A,pass ,pass 
2018,FALL,MATH120,MATH120,1,1113,24,20-Aug-18,P089003876,3ff0c6a1,12-Jul-18,Jul,2020,SPRING,C,C,pass ,pass 
2018,FALL,MATH120,MATH120,1,1014,24,20-Aug-18,P089003876,3fe32f73,17-Jul-18,Jul,2019,FALL,D,F,fail,fail
2018,FALL,MATH120,MATH120,1,915,24,20-Aug-18,P107180113,3fe15603,18-Jul-18,Jul,2020,SPRING,A,A,pass ,pass 
2018,FALL,MATH120,MATH120,1,1113,24,20-Aug-18,P107180113,3fee2d3d,24-Jul-18,Jul,2019,SPRING,W,,W,
2018,FALL,MATH120,MATH120,1,1113,24,20-Aug-18,P107180113,3ff0a9f5,18-Jul-18,Jul,2020,SPRING,F,D,fail,fail
2018,FALL,MATH120,MATH120,1,1113,24,20-Aug-18,P093001886,3fee9651,18-Jul-18,Jul,2020,SPRING,B,B,pass ,pass 
2018,FALL,MATH120,MATH120,1,1113,24,20-Aug-18,P093001886,3ff08aa1,18-Jul-18,Jul,2020,SPRING,B,A,pass ,pass 
2018,FALL,MATH120,MATH120,1,1113,24,20-Aug-18,P093001886,3ff21f29,16-Jul-18,Jul,2020,SPRING,D,C,fail,pass 
2018,FALL,MATH120,MATH120,1,1212,24,20-Aug-18,P100062478,3feff13b,17-Jul-18,Jul,2020,SPRING,B-,,pass ,
2018,FALL,MATH120,MATH120,1,1113,24,20-Aug-18,P100062478,3ba93623,4-Jun-18,Jun,2019,FALL,A+,,pass ,
2018,FALL,MATH120,MATH120,1,1014,24,20-Aug-18,P100062478,3fed3fef,10-Aug-18,Aug,2020,SPRING,B,,pass ,
2018,FALL,MATH120,MATH120,1,1113,24,20-Aug-18,P100062478,3ff00e55,17-Jul-18,Jul,2020,SPRING,B,,pass ,
2018,FALL,MATH120,MATH120,1,1014,24,20-Aug-18,P107180114,3ff012a1,18-Jul-18,Jul,2018,FALL,D,F,fail,fail
2018,FALL,MATH209,MATH120,0,915,24,20-Aug-18,P008616066,3fe1fd51,17-Aug-18,Aug,2019,SPRING,C-,C,pass ,pass 
2018,FALL,MATH209,MATH120,0,1113,24,20-Aug-18,P100021964,3fdf7d01,18-Jul-18,Jul,2020,SPRING,B,B,pass ,pass 
2018,FALL,MATH209,MATH120,0,1014,24,20-Aug-18,P100003700,3fe3f179,19-Jul-18,Jul,2020,SPRING,B-,B,pass ,pass 
2018,FALL,MATH209,MATH120,0,1212,24,20-Aug-18,P100003700,3feffa19,16-Jul-18,Jul,2018,FALL,F,F,fail,fail
2018,FALL,MATH209,MATH120,0,915,24,20-Aug-18,P093001886,3ff00fb3,18-Jul-18,Jul,2019,SPRING,B,B,pass ,pass 
2018,FALL,MATH209,MATH120,0,915,24,20-Aug-18,P093001886,3fedf561,6-Aug-18,Aug,2020,SPRING,A,A,pass ,pass 
2018,FALL,MATH209,MATH120,0,1212,24,20-Aug-18,P093001886,3fe48e1d,24-Jul-18,Jul,2018,FALL,C,B,pass ,pass 
2018,FALL,MATH209,MATH120,0,1113,24,20-Aug-18,P093001886,3fee3b61,18-Jul-18,Jul,2020,SPRING,A,A,pass ,pass 
2018,FALL,MATH209,MATH120,0,816,24,20-Aug-18,P100003700,3fefd453,18-Jul-18,Jul,2019,FALL,D,D-,fail,fail
2018,FALL,MATH209,MATH120,0,1113,24,20-Aug-18,P100003700,3ff10215,17-Jul-18,Jul,2020,SPRING,D+,C,fail,pass 
2018,FALL,MATH209,MATH120,0,915,24,20-Aug-18,P100003700,3ff0a7c5,18-Jul-18,Jul,2020,SPRING,D,D,fail,fail
2018,FALL,MATH209,MATH120,0,1113,24,20-Aug-18,P107265288,3fe07f7b,19-Jul-18,Jul,2019,FALL,F,W,fail,W
2018,FALL,MATH112,MATH120,0,1114,25,20-Aug-18,P100062478,3fdc5d83,21-Aug-18,Aug,2019,FALL,B,,pass ,
2018,FALL,MATH116,MATH120,0,1213,25,20-Aug-18,P100062478,3ff20a93,23-Aug-18,Aug,2019,SUMMER,D,,fail,
2018,FALL,MATH116,MATH120,0,1114,25,20-Aug-18,P100062478,3fe036e7,24-Jul-18,Jul,2020,SPRING,A-,,pass ,
2018,FALL,MATH116,MATH120,0,1114,25,20-Aug-18,P107180114,3fe730e1,16-Jul-18,Jul,2020,SPRING,A,A,pass ,pass 
2018,FALL,MATH116,MATH120,0,1312,25,20-Aug-18,P089009198,3ff157a1,18-Jul-18,Jul,2020,SPRING,A,A,pass ,pass 
2018,FALL,MATH116,MATH120,0,1312,25,20-Aug-18,P107266245,3feaff19,18-Jul-18,Jul,2018,FALL,D+,D,fail,fail
2018,FALL,MATH116,MATH120,0,1114,25,20-Aug-18,P107266245,3fe0334f,19-Jul-18,Jul,2020,SPRING,B,B+,pass ,pass 
2018,FALL,MATH116,MATH120,0,1015,25,20-Aug-18,P107266245,3fefa61d,26-Jul-18,Jul,2019,SPRING,B,B,pass ,pass 
2018,FALL,MATH117,MATH120,0,1213,25,20-Aug-18,P107265286,3ff03fdd,20-Jul-18,Jul,2020,SPRING,A-,B+,pass ,pass 
2018,FALL,MATH117,MATH120,0,1312,25,20-Aug-18,P107265286,3fe0a717,16-Jul-18,Jul,2020,SPRING,B,B-,pass ,pass 
2018,FALL,MATH117,MATH120,0,1213,25,20-Aug-18,P107265286,3fec7d3f,16-Jul-18,Jul,2019,SPRING,B-,B,pass ,pass 
2018,FALL,MATH117,MATH120,0,1114,25,20-Aug-18,P107265286,3fe006ef,20-Jul-18,Jul,2019,SPRING,A-,C,pass ,pass 
2018,FALL,MATH117,MATH120,0,1015,25,20-Aug-18,P107180113,3ff233b5,31-Jul-18,Jul,2020,SPRING,D,D,fail,fail
2018,FALL,MATH117,MATH120,0,1015,25,20-Aug-18,P107180113,3fe50d93,20-Jul-18,Jul,2020,SPRING,B,A,pass ,pass 
2018,FALL,MATH117,MATH120,0,1213,25,20-Aug-18,P107180113,3fe7269b,20-Jul-18,Jul,2020,SPRING,B,A,pass ,pass 
2018,FALL,MATH120,MATH120,1,1312,25,20-Aug-18,P107180113,3feff55f,24-Jul-18,Jul,2020,SPRING,B,B,pass ,pass 
2018,FALL,MATH120,MATH120,1,916,25,20-Aug-18,P100021964,3ff00761,12-Jul-18,Jul,2019,SPRING,D,F,fail,fail
2018,FALL,MATH120,MATH120,1,1213,25,20-Aug-18,P100021964,3ff00db5,20-Jul-18,Jul,2019,SPRING,C+,C,pass ,pass 
2018,FALL,MATH120,MATH120,1,1213,25,20-Aug-18,P100021964,3fe71de5,18-Jul-18,Jul,2020,SPRING,C,C-,pass ,pass 
2018,FALL,MATH120,MATH120,1,1114,25,20-Aug-18,P100021964,3ff0c665,18-Jul-18,Jul,2020,SPRING,C,B-,pass ,pass 
2018,FALL,MATH120,MATH120,1,1213,25,20-Aug-18,P093001886,3ff08349,18-Jul-18,Jul,2018,FALL,B,B,pass ,pass 
2018,FALL,MATH120,MATH120,1,1114,25,20-Aug-18,P100062478,3ff07a07,17-Jul-18,Jul,2019,SPRING,W,,W,
2018,FALL,MATH120,MATH120,1,1015,25,20-Aug-18,P100062478,3ff0092d,18-Jul-18,Jul,2020,SPRING,C,,pass ,
2018,FALL,MATH120,MATH120,1,1213,25,20-Aug-18,P100062478,3ff00603,17-Jul-18,Jul,2020,SPRING,F,,fail,
2018,FALL,MATH120,MATH120,1,1213,25,20-Aug-18,P100062478,3fdf75d1,18-Jul-18,Jul,2019,SPRING,C,,pass ,
2018,FALL,MATH120,MATH120,1,1213,25,20-Aug-18,P107180114,3ff114df,20-Aug-18,Aug,2019,SPRING,B,C,pass ,pass 
2018,FALL,MATH120,MATH120,1,1213,25,20-Aug-18,P107180114,3fed62ef,23-Aug-18,Aug,2020,SPRING,C,C,pass ,pass 
2018,FALL,MATH209,MATH120,0,1213,25,20-Aug-18,P008616066,3fd5db7f,12-Jun-18,Jun,2020,SPRING,F,F,fail,fail
2018,FALL,MATH209,MATH120,0,1015,25,20-Aug-18,P002014415,3ff00739,16-Jul-18,Jul,2019,SPRING,A,A,pass ,pass 
2018,FALL,MATH209,MATH120,0,1114,25,20-Aug-18,P002014415,3ff00de7,12-Jul-18,Jul,2020,SPRING,A,A,pass ,pass 
2018,FALL,MATH209,MATH120,0,1213,25,20-Aug-18,P100021964,3fedf2af,6-Aug-18,Aug,2020,SPRING,A,A,pass ,pass 
2018,FALL,MATH209,MATH120,0,1411,25,20-Aug-18,P100021964,3ff0319b,24-Jul-18,Jul,2020,SPRING,C,C,pass ,pass 
2018,FALL,MATH209,MATH120,0,916,25,20-Aug-18,P093001886,3fe7f32d,18-Jul-18,Jul,2020,SPRING,B,A,pass ,pass 
2018,FALL,MATH209,MATH120,0,1015,25,20-Aug-18,P093001886,3ff010c1,17-Jul-18,Jul,2019,SPRING,C,B,pass ,pass 
2018,FALL,MATH209,MATH120,0,1213,25,20-Aug-18,P093001886,3fe88405,19-Jul-18,Jul,2020,SPRING,A,A,pass ,pass 
2018,FALL,MATH209,MATH120,0,1114,25,20-Aug-18,P093001886,3feaf9d3,27-Jul-18,Jul,2020,SPRING,A,A,pass ,pass 
2018,FALL,MATH209,MATH120,0,1114,25,20-Aug-18,P100003700,3fe07ca1,18-Jul-18,Jul,2019,SPRING,D-,C,fail,pass 
2018,FALL,MATH209,MATH120,0,1213,25,20-Aug-18,P107265288,3fe65ced,19-Jul-18,Jul,2020,SPRING,D+,C,fail,pass 
2018,FALL,MATH209,MATH120,0,1213,25,20-Aug-18,P107265288,3fee0df3,19-Jul-18,Jul,2019,SPRING,A,A,pass ,pass 
2018,FALL,MATH209,MATH120,0,1114,25,20-Aug-18,P107265288,3fe3e8f5,18-Jul-18,Jul,2020,SPRING,A,A,pass ,pass 
2018,FALL,MATH209,MATH120,0,1015,25,20-Aug-18,P107265288,3feff7d5,20-Jul-18,Jul,2019,SPRING,A,B-,pass ,pass 
2018,FALL,MATH209,MATH120,0,1114,25,20-Aug-18,P107265288,3feffcdf,17-Jul-18,Jul,2018,FALL,F,W,fail,W
2018,FALL,MATH116,MATH120,0,1214,26,20-Aug-18,P100062478,3ff00c39,23-Jul-18,Jul,2020,SPRING,A-,,pass ,
2018,FALL,MATH116,MATH120,0,1214,26,20-Aug-18,P107180114,3ff0da65,22-Aug-18,Aug,2019,SPRING,F,W,fail,W
2018,FALL,MATH116,MATH120,0,1313,26,20-Aug-18,P107180114,3feff6a9,20-Aug-18,Aug,2019,SPRING,C,B,pass ,pass 
2018,FALL,MATH116,MATH120,0,1016,26,20-Aug-18,P089009198,3fefeb9b,21-Aug-18,Aug,2020,SPRING,A,A,pass ,pass 
2018,FALL,MATH116,MATH120,0,1412,26,20-Aug-18,P089009198,3ff0b0c1,19-Jul-18,Jul,2020,SPRING,A,A,pass ,pass 
2018,FALL,MATH116,MATH120,0,1115,26,20-Aug-18,P107266245,3ff114cb,18-Jul-18,Jul,2020,SPRING,B,B,pass ,pass 
2018,FALL,MATH117,MATH120,0,1016,26,20-Aug-18,P107265286,3ff08e11,17-Aug-18,Aug,2019,SPRING,F,D-,fail,fail
2018,FALL,MATH117,MATH120,0,1412,26,20-Aug-18,P107265286,3fee4895,20-Jul-18,Jul,2020,SPRING,B,C+,pass ,pass 
2018,FALL,MATH117,MATH120,0,1214,26,20-Aug-18,P107180113,3ff00329,20-Jul-18,Jul,2019,SUMMER,F,F,fail,fail
2018,FALL,MATH117,MATH120,0,1115,26,20-Aug-18,P107180113,3ff22735,17-Aug-18,Aug,2020,SPRING,A,A,pass ,pass 
2018,FALL,MATH117,MATH120,0,1313,26,20-Aug-18,P107180113,3ff00f8b,16-Jul-18,Jul,2020,SPRING,B,B,pass ,pass 
2018,FALL,MATH120,MATH120,1,1214,26,20-Aug-18,P100021964,3fe9d409,18-Jul-18,Jul,2020,SPRING,C,C,pass ,pass 
2018,FALL,MATH120,MATH120,1,1412,26,20-Aug-18,P100021964,3fec311d,16-Jul-18,Jul,2019,SPRING,D,D,fail,fail
2018,FALL,MATH120,MATH120,1,1313,26,20-Aug-18,P100021964,3fdf8355,18-Jul-18,Jul,2020,SPRING,B+,B-,pass ,pass 
2018,FALL,MATH120,MATH120,1,1115,26,20-Aug-18,P100021964,3fee0ce5,18-Jul-18,Jul,2020,SPRING,C,D,pass ,fail
2018,FALL,MATH120,MATH120,1,1115,26,20-Aug-18,P093001886,3fefe56f,18-Jul-18,Jul,2020,SPRING,C,C,pass ,pass 
2018,FALL,MATH120,MATH120,1,1115,26,20-Aug-18,P093001886,3feeaf1f,18-Jul-18,Jul,2018,FALL,D,F,fail,fail
2018,FALL,MATH120,MATH120,1,1214,26,20-Aug-18,P100062478,3ff0c4e9,18-Jul-18,Jul,2020,SPRING,C,,pass ,
2018,FALL,MATH120,MATH120,1,1313,26,20-Aug-18,P100062478,3ff0103f,18-Jul-18,Jul,2019,SPRING,C,,pass ,
2018,FALL,MATH120,MATH120,1,1115,26,20-Aug-18,P100062478,3fead291,17-Jul-18,Jul,2020,SPRING,A,,pass ,
2018,FALL,MATH120,MATH120,1,1115,26,20-Aug-18,P107180114,3fe458f3,18-Jul-18,Jul,2019,FALL,B,B,pass ,pass 
2018,FALL,MATH120,MATH120,1,1214,26,20-Aug-18,P107180114,3ff0c2e1,18-Jul-18,Jul,2020,SPRING,C,C,pass ,pass 
2018,FALL,MATH209,MATH120,0,1313,26,20-Aug-18,P002014415,3fe2cfbf,10-Aug-18,Aug,2020,SPRING,A,A,pass ,pass 
2018,FALL,MATH209,MATH120,0,1115,26,20-Aug-18,P100021964,3ff012bf,18-Jul-18,Jul,2020,SPRING,A,A,pass ,pass 
2018,FALL,MATH209,MATH120,0,1214,26,20-Aug-18,P100003700,3fec8fb9,18-Jul-18,Jul,2020,SPRING,B-,B-,pass ,pass 
2018,FALL,MATH209,MATH120,0,1313,26,20-Aug-18,P093001886,3ff044dd,18-Jul-18,Jul,2019,FALL,B,D,pass ,fail
2018,FALL,MATH209,MATH120,0,1412,26,20-Aug-18,P100003700,3ff00f4f,18-Jul-18,Jul,2019,SPRING,C,C+,pass ,pass 
2018,FALL,MATH209,MATH120,0,1214,26,20-Aug-18,P107265288,3feff86b,7-Aug-18,Aug,2020,SPRING,B,B,pass ,pass 
2018,FALL,MATH112,MATH120,0,1512,27,20-Aug-18,P100062478,3fe50ce9,13-Jul-18,Jul,2020,SPRING,B,,pass ,
2018,FALL,MATH116,MATH120,0,1413,27,20-Aug-18,P107180114,3ff053b5,24-Jul-18,Jul,2019,FALL,C,B,pass ,pass 
2018,FALL,MATH116,MATH120,0,1215,27,20-Aug-18,P089009198,3fe20945,16-Jul-18,Jul,2020,SPRING,A,A,pass ,pass 
2018,FALL,MATH116,MATH120,0,1215,27,20-Aug-18,P089009198,3fef0d4d,18-Jul-18,Jul,2019,SPRING,A,B,pass ,pass 
2018,FALL,MATH116,MATH120,0,1116,27,20-Aug-18,P089009198,3fedf61f,17-Jul-18,Jul,2020,SPRING,A,A,pass ,pass 
2018,FALL,MATH116,MATH120,0,1215,27,20-Aug-18,P107266245,3fedf421,18-Jul-18,Jul,2020,SPRING,B,C,pass ,pass 
2018,FALL,MATH116,MATH120,0,1314,27,20-Aug-18,P107266245,3fe8e657,18-Jul-18,Jul,2018,FALL,A,A,pass ,pass 
2018,FALL,MATH116,MATH120,0,1413,27,20-Aug-18,P107266245,3ff02025,17-Jul-18,Jul,2020,SPRING,A,A,pass ,pass 
2018,FALL,MATH117,MATH120,0,1314,27,20-Aug-18,P107265286,3fedf63d,16-Jul-18,Jul,2019,SPRING,C+,W,pass ,W
2018,FALL,MATH117,MATH120,0,1512,27,20-Aug-18,P107265286,3ff00937,20-Jul-18,Jul,2020,SPRING,B-,B-,pass ,pass 
2018,FALL,MATH117,MATH120,0,1314,27,20-Aug-18,P107265286,3ff0c7b9,16-Jul-18,Jul,2020,SPRING,C+,C,pass ,pass 
2018,FALL,MATH117,MATH120,0,1215,27,20-Aug-18,P107180113,3fd8d311,16-Jul-18,Jul,2020,SPRING,A-,A,pass ,pass 
2018,FALL,MATH117,MATH120,0,1116,27,20-Aug-18,P107180113,3fe336df,18-Jul-18,Jul,2020,SPRING,B-,C,pass ,pass 
2018,FALL,MATH117,MATH120,0,1413,27,20-Aug-18,P107180113,3fd8f14d,20-Aug-18,Aug,2020,SPRING,C,D,pass ,fail
2018,FALL,MATH117,MATH120,0,1215,27,20-Aug-18,P107180113,3fefb121,16-Jul-18,Jul,2020,SPRING,D,D,fail,fail
2018,FALL,MATH117,MATH120,0,1215,27,20-Aug-18,P107180113,3fea6301,21-Aug-18,Aug,2018,FALL,C,D,pass ,fail
2018,FALL,MATH117,MATH120,0,1215,27,20-Aug-18,P107180113,3ff210e7,1-Aug-18,Aug,2020,SPRING,D,B,fail,pass 
2018,FALL,MATH120,MATH120,1,1116,27,20-Aug-18,P089003876,3fe71aa7,13-Jul-18,Jul,2020,SPRING,B,C,pass ,pass 
2018,FALL,MATH120,MATH120,1,1413,27,20-Aug-18,P107180113,3feed3eb,18-Jul-18,Jul,2018,FALL,C,C,pass ,pass 
2018,FALL,MATH120,MATH120,1,1314,27,20-Aug-18,P093001886,3fe4bd25,18-Jul-18,Jul,2020,SPRING,C,C,pass ,pass 
2018,FALL,MATH120,MATH120,1,1314,27,20-Aug-18,P093001886,3feff59b,17-Jul-18,Jul,2020,SPRING,B,A,pass ,pass 
2018,FALL,MATH120,MATH120,1,1314,27,20-Aug-18,P093001886,3fe2fbcf,18-Jul-18,Jul,2020,SPRING,A,A,pass ,pass 
2018,FALL,MATH120,MATH120,1,1116,27,20-Aug-18,P093001886,3fe88991,16-Jul-18,Jul,2020,SPRING,B,A,pass ,pass 
2018,FALL,MATH120,MATH120,1,1116,27,20-Aug-18,P100062478,3ff00da1,18-Jul-18,Jul,2020,SPRING,B-,,pass ,
2018,FALL,MATH120,MATH120,1,1215,27,20-Aug-18,P100062478,3feffb81,18-Jul-18,Jul,2019,SPRING,A-,,pass ,
2018,FALL,MATH120,MATH120,1,1215,27,20-Aug-18,P100062478,3ff23211,18-Jul-18,Jul,2020,SPRING,A,,pass ,
2018,FALL,MATH120,MATH120,1,1314,27,20-Aug-18,P100062478,3fe5304d,17-Jul-18,Jul,2019,SPRING,C,,pass ,
2018,FALL,MATH120,MATH120,1,1314,27,20-Aug-18,P100062478,3fe2625f,18-Jul-18,Jul,2019,SPRING,C,,pass ,
2018,FALL,MATH120,MATH120,1,1512,27,20-Aug-18,P107180114,3fea74ef,16-Jul-18,Jul,2020,SPRING,B,A,pass ,pass 
2018,FALL,MATH209,MATH120,0,1314,27,20-Aug-18,P008616066,3fee882d,13-Jul-18,Jul,2020,SPRING,B+,A,pass ,pass 
2018,FALL,MATH209,MATH120,0,1215,27,20-Aug-18,P008616066,3fe74e0f,13-Jul-18,Jul,2020,SPRING,F,D-,fail,fail
2018,FALL,MATH209,MATH120,0,1215,27,20-Aug-18,P100021964,3fef71d9,17-Jul-18,Jul,2020,SPRING,A,A,pass ,pass 
2018,FALL,MATH209,MATH120,0,1314,27,20-Aug-18,P093001886,3ff10dc3,17-Jul-18,Jul,2020,SPRING,A,A,pass ,pass 
2018,FALL,MATH209,MATH120,0,1314,27,20-Aug-18,P093001886,3ff00f1d,17-Jul-18,Jul,2020,SPRING,A,A,pass ,pass 
2018,FALL,MATH209,MATH120,0,1413,27,20-Aug-18,P100003700,3fdf703b,19-Jul-18,Jul,2020,SPRING,C+,C+,pass ,pass 
2018,FALL,MATH209,MATH120,0,1512,27,20-Aug-18,P100003700,3fefed67,20-Aug-18,Aug,2020,SPRING,B,B,pass ,pass 
2018,FALL,MATH209,MATH120,0,1413,27,20-Aug-18,P100003700,3ff11313,18-Jul-18,Jul,2019,FALL,C-,C,pass ,pass 
2018,FALL,MATH209,MATH120,0,1215,27,20-Aug-18,P107265288,3ff114c1,18-Jul-18,Jul,2020,SPRING,B,C,pass ,pass 
2018,FALL,MATH209,MATH120,0,1314,27,20-Aug-18,P107265288,3fe9d715,16-Jul-18,Jul,2018,FALL,C,F,pass ,fail
2018,FALL,MATH116,MATH120,0,1513,28,20-Aug-18,P089009198,3fee6c3f,27-Jul-18,Jul,2020,SPRING,A,A,pass ,pass 
2018,FALL,MATH116,MATH120,0,1414,28,20-Aug-18,P107266245,3ff1cf5b,18-Jul-18,Jul,2020,SPRING,A,C,pass ,pass 
2018,FALL,MATH116,MATH120,0,1216,28,20-Aug-18,P107266245,3fed4373,18-Jul-18,Jul,2020,SPRING,B,A,pass ,pass 
2018,FALL,MATH116,MATH120,0,1414,28,20-Aug-18,P107266245,3febf081,16-Jul-18,Jul,2020,SPRING,B,B,pass ,pass 
2018,FALL,MATH116,MATH120,0,1315,28,20-Aug-18,P107266245,3fdc5c1b,30-Jul-18,Jul,2019,FALL,A,A,pass ,pass 
2018,FALL,MATH116,MATH120,0,1216,28,20-Aug-18,P107266245,3fed50bb,19-Jul-18,Jul,2020,SPRING,B-,B,pass ,pass 
2018,FALL,MATH116,MATH120,0,1513,28,20-Aug-18,P107266245,3ff02dbd,18-Jul-18,Jul,2018,FALL,B,B,pass ,pass 
2018,FALL,MATH117,MATH120,0,1513,28,20-Aug-18,P107265286,3feffa73,16-Jul-18,Jul,2020,SPRING,C-,C,pass ,pass 
2018,FALL,MATH117,MATH120,0,1414,28,20-Aug-18,P107265286,3ff0d673,16-Jul-18,Jul,2019,FALL,D,D-,fail,fail
2018,FALL,MATH117,MATH120,0,1414,28,20-Aug-18,P107180113,3ff226c7,16-Jul-18,Jul,2020,SPRING,A,A,pass ,pass 
2018,FALL,MATH117,MATH120,0,1315,28,20-Aug-18,P107180113,3ff0efaf,23-Jul-18,Jul,2019,SPRING,A,A,pass ,pass 
2018,FALL,MATH117,MATH120,0,1414,28,20-Aug-18,P107180113,3ff0119d,23-Jul-18,Jul,2020,SPRING,A,A,pass ,pass 
2018,FALL,MATH120,MATH120,1,1414,28,20-Aug-18,P089003876,3ff00f77,16-Jul-18,Jul,2020,SPRING,A,A,pass ,pass 
2018,FALL,MATH120,MATH120,1,1513,28,20-Aug-18,P107180113,3ff0112f,18-Jul-18,Jul,2020,SPRING,C,C,pass ,pass 
2018,FALL,MATH120,MATH120,1,1315,28,20-Aug-18,P100021964,3fe08bb5,18-Jul-18,Jul,2018,FALL,I,W,I,W
2018,FALL,MATH120,MATH120,1,1612,28,20-Aug-18,P100021964,3fedf3bd,16-Jul-18,Jul,2020,SPRING,B,C,pass ,pass 
2018,FALL,MATH120,MATH120,1,1315,28,20-Aug-18,P100062478,3fee5425,17-Jul-18,Jul,2019,SPRING,D+,,fail,
2018,FALL,MATH120,MATH120,1,1315,28,20-Aug-18,P107180114,3feff933,31-Jul-18,Jul,2020,SPRING,C,C,pass ,pass 
2018,FALL,MATH209,MATH120,0,1315,28,20-Aug-18,P008616066,3ff00b8f,24-Jul-18,Jul,2018,FALL,F,W,fail,W
2018,FALL,MATH209,MATH120,0,1513,28,20-Aug-18,P008616066,3fdf76d5,24-Jul-18,Jul,2018,FALL,I,D,I,fail
2018,FALL,MATH209,MATH120,0,1315,28,20-Aug-18,P100021964,3fedb97f,17-Jul-18,Jul,2020,SPRING,A,A,pass ,pass 
2018,FALL,MATH209,MATH120,0,1315,28,20-Aug-18,P100003700,3ff108b9,19-Jul-18,Jul,2018,FALL,C,W,pass ,W
2018,FALL,MATH209,MATH120,0,1513,28,20-Aug-18,P100003700,3feec71b,18-Jul-18,Jul,2019,SPRING,A,A,pass ,pass 
2018,FALL,MATH209,MATH120,0,1216,28,20-Aug-18,P107265288,3ff0356f,6-Aug-18,Aug,2020,SPRING,C,D-,pass ,fail
2018,FALL,MATH209,MATH120,0,1216,28,20-Aug-18,P107265288,3ff0c511,18-Jul-18,Jul,2018,FALL,F,F,fail,fail
2018,FALL,MATH209,MATH120,0,1414,28,20-Aug-18,P107265288,3fefbe69,21-Aug-18,Aug,2020,SPRING,C-,C-,pass ,pass 
2018,FALL,MATH115,MATH120,0,1514,29,20-Aug-18,P107266245,3fe92a8b,31-Jul-18,Jul,2020,SPRING,A,B+,pass ,pass 
2018,FALL,MATH116,MATH120,0,1415,29,20-Aug-18,P089009198,3ff01341,18-Jul-18,Jul,2020,SPRING,A,A,pass ,pass 
2018,FALL,MATH116,MATH120,0,1316,29,20-Aug-18,P089009198,3fedc447,19-Jul-18,Jul,2019,FALL,A,A,pass ,pass 
2018,FALL,MATH116,MATH120,0,1316,29,20-Aug-18,P089009198,3feb33f3,18-Jul-18,Jul,2019,SPRING,A,A,pass ,pass 
2018,FALL,MATH116,MATH120,0,1415,29,20-Aug-18,P107266245,3ff1140d,19-Jul-18,Jul,2018,FALL,C,F,pass ,fail
2018,FALL,MATH117,MATH120,0,1514,29,20-Aug-18,P107265286,3fedf0ed,19-Jul-18,Jul,2020,SPRING,B-,C,pass ,pass 
2018,FALL,MATH117,MATH120,0,1514,29,20-Aug-18,P107180113,3fe18e57,18-Jul-18,Jul,2020,SPRING,A+,A,pass ,pass 
2018,FALL,MATH117,MATH120,0,1415,29,20-Aug-18,P107180113,3fea453d,23-Jul-18,Jul,2020,SPRING,A,A,pass ,pass 
2018,FALL,MATH120,MATH120,1,1415,29,20-Aug-18,P089003876,3fed34af,17-Jul-18,Jul,2020,SPRING,A,A,pass ,pass 
2018,FALL,MATH120,MATH120,1,1514,29,20-Aug-18,P089003876,3febff95,12-Jul-18,Jul,2020,SPRING,A,B-,pass ,pass 
2018,FALL,MATH120,MATH120,1,1415,29,20-Aug-18,P107180113,3ff0e8c5,18-Jul-18,Jul,2020,SPRING,B,C,pass ,pass 
2018,FALL,MATH120,MATH120,1,1415,29,20-Aug-18,P100021964,3fdffbe1,17-Jul-18,Jul,2020,SPRING,C,W,pass ,W
2018,FALL,MATH120,MATH120,1,1514,29,20-Aug-18,P100021964,3fee95a7,17-Jul-18,Jul,2020,SPRING,B+,A-,pass ,pass 
2018,FALL,MATH120,MATH120,1,1415,29,20-Aug-18,P100021964,3fe8c32f,20-Jul-18,Jul,2020,SPRING,A,A,pass ,pass 
2018,FALL,MATH120,MATH120,1,1514,29,20-Aug-18,P093001886,3fe56117,18-Jul-18,Jul,2020,SPRING,A,A+,pass ,pass 
2018,FALL,MATH120,MATH120,1,1415,29,20-Aug-18,P093001886,3fefb44b,16-Jul-18,Jul,2020,SPRING,B,B,pass ,pass 
2018,FALL,MATH120,MATH120,1,1415,29,20-Aug-18,P100062478,3ff218df,21-Aug-18,Aug,2019,SPRING,A,,pass ,
2018,FALL,MATH120,MATH120,1,1316,29,20-Aug-18,P100062478,3ff0661b,16-Jul-18,Jul,2020,SPRING,A,,pass ,
2018,FALL,MATH120,MATH120,1,1514,29,20-Aug-18,P107180114,3fe09d49,19-Jul-18,Jul,2019,SPRING,C,C,pass ,pass 
2018,FALL,MATH120,MATH120,1,1514,29,20-Aug-18,P107180114,3fe01851,16-Jul-18,Jul,2019,SPRING,C,D,pass ,fail
2018,FALL,MATH120,MATH120,1,1415,29,20-Aug-18,P107180114,3fe80df9,18-Jul-18,Jul,2020,SPRING,C,C,pass ,pass 
2018,FALL,MATH209,MATH120,0,1613,29,20-Aug-18,P100021964,3ff087b3,17-Jul-18,Jul,2020,SPRING,B,B,pass ,pass 
2018,FALL,MATH209,MATH120,0,1514,29,20-Aug-18,P100021964,3ff0132d,17-Jul-18,Jul,2020,SPRING,D-,W,fail,W
2018,FALL,MATH209,MATH120,0,1514,29,20-Aug-18,P093001886,3fe726a5,17-Jul-18,Jul,2020,SPRING,A,A,pass ,pass 
2018,FALL,MATH209,MATH120,0,1514,29,20-Aug-18,P100003700,3fe53273,17-Jul-18,Jul,2020,SPRING,B,B,pass ,pass 
2018,FALL,MATH209,MATH120,0,1415,29,20-Aug-18,P100003700,3fe034df,18-Jul-18,Jul,2020,SPRING,C,D-,pass ,fail
2018,FALL,MATH209,MATH120,0,1712,29,20-Aug-18,P100003700,3fdf8805,18-Jul-18,Jul,2020,SPRING,F,C-,fail,pass 
2018,FALL,MATH209,MATH120,0,1316,29,20-Aug-18,P100003700,3fed16eb,17-Jul-18,Jul,2020,SPRING,C+,C+,pass ,pass 
2018,FALL,MATH209,MATH120,0,1613,29,20-Aug-18,P100003700,3ff00bb7,18-Jul-18,Jul,2019,SPRING,C-,B-,pass ,pass 
2018,FALL,MATH209,MATH120,0,1415,29,20-Aug-18,P107265288,3fe5de99,16-Jul-18,Jul,2020,SPRING,A,A-,pass ,pass 
2018,FALL,MATH115,MATH120,0,1614,30,20-Aug-18,P107266245,3feb968b,17-Jul-18,Jul,2020,SPRING,A,A+,pass ,pass 
2018,FALL,MATH116,MATH120,0,1515,30,20-Aug-18,P089009198,3fedbd7b,12-Jul-18,Jul,2020,SPRING,A,A,pass ,pass 
2018,FALL,MATH116,MATH120,0,1713,30,20-Aug-18,P089009198,3fee0001,18-Jul-18,Jul,2020,SPRING,A,A,pass ,pass 
2018,FALL,MATH116,MATH120,0,1614,30,20-Aug-18,P107266245,3ff1582d,18-Jul-18,Jul,2020,SPRING,A,A,pass ,pass 
2018,FALL,MATH117,MATH120,0,1614,30,20-Aug-18,P107265286,3fddf459,12-Jul-18,Jul,2020,SPRING,B,C+,pass ,pass 
2018,FALL,MATH117,MATH120,0,1515,30,20-Aug-18,P107265286,3feee3d1,17-Jul-18,Jul,2020,SPRING,A,A,pass ,pass 
2018,FALL,MATH117,MATH120,0,1515,30,20-Aug-18,P107265286,3feff46f,16-Jul-18,Jul,2020,SPRING,A,A+,pass ,pass 
2018,FALL,MATH117,MATH120,0,1614,30,20-Aug-18,P107180113,3feb69ef,17-Jul-18,Jul,2020,SPRING,A,A,pass ,pass 
2018,FALL,MATH117,MATH120,0,1416,30,20-Aug-18,P107180113,3fea0d89,11-Jul-18,Jul,2019,SPRING,B,B,pass ,pass 
2018,FALL,MATH120,MATH120,1,1416,30,20-Aug-18,P089003876,3ba7497b,12-Jul-18,Jul,2019,SPRING,B,B,pass ,pass 
2018,FALL,MATH120,MATH120,1,1614,30,20-Aug-18,P107180113,3fef6969,20-Jul-18,Jul,2020,SPRING,B-,B,pass ,pass 
2018,FALL,MATH120,MATH120,1,1515,30,20-Aug-18,P100021964,3ff0c3bd,27-Jul-18,Jul,2020,SPRING,C,D,pass ,fail
2018,FALL,MATH120,MATH120,1,1515,30,20-Aug-18,P100062478,3fedf29b,17-Jul-18,Jul,2020,SPRING,A,,pass ,
2018,FALL,MATH120,MATH120,1,1614,30,20-Aug-18,P100062478,3fea4227,17-Jul-18,Jul,2019,FALL,C,,pass ,
2018,FALL,MATH120,MATH120,1,1614,30,20-Aug-18,P107180114,3fe5d0f7,18-Jul-18,Jul,2020,SPRING,C,C,pass ,pass 
2018,FALL,MATH209,MATH120,0,1515,30,20-Aug-18,P100021964,3fe3f4fd,18-Jul-18,Jul,2020,SPRING,C,C-,pass ,pass 
2018,FALL,MATH209,MATH120,0,1515,30,20-Aug-18,P093001886,3fe2b3b3,24-Jul-18,Jul,2020,SPRING,A,A,pass ,pass 
2018,FALL,MATH116,MATH120,0,1516,31,20-Aug-18,P100062478,3bac843b,21-Jun-18,Jun,2020,SPRING,A,,pass ,
2018,FALL,MATH116,MATH120,0,1714,31,20-Aug-18,P100062478,3fe45e1b,17-Jul-18,Jul,2020,SPRING,A,,pass ,
2018,FALL,MATH116,MATH120,0,1615,31,20-Aug-18,P107180114,3fe74fbd,19-Jul-18,Jul,2019,SPRING,B,D,pass ,fail
2018,FALL,MATH116,MATH120,0,1516,31,20-Aug-18,P089009198,3ff0a0c7,21-Aug-18,Aug,2019,SPRING,A,D,pass ,fail
2018,FALL,MATH116,MATH120,0,1615,31,20-Aug-18,P107266245,3ff0cf25,18-Jul-18,Jul,2020,SPRING,A,A,pass ,pass 
2018,FALL,MATH117,MATH120,0,1615,31,20-Aug-18,P107265286,3ff06fb7,19-Jul-18,Jul,2020,SPRING,A-,A+,pass ,pass 
2018,FALL,MATH117,MATH120,0,1813,31,20-Aug-18,P107265286,3fedbabf,18-Jul-18,Jul,2019,SPRING,C,D,pass ,fail
2018,FALL,MATH117,MATH120,0,1516,31,20-Aug-18,P107180113,3ff0bbe3,3-Aug-18,Aug,2019,SUMMER,B,C,pass ,pass 
2018,FALL,MATH117,MATH120,0,1516,31,20-Aug-18,P107180113,3fefe989,3-Aug-18,Aug,2019,FALL,B-,B,pass ,pass 
2018,FALL,MATH120,MATH120,1,1615,31,20-Aug-18,P089003876,3ff03e4d,17-Jul-18,Jul,2018,FALL,A,A-,pass ,pass 
2018,FALL,MATH120,MATH120,1,1615,31,20-Aug-18,P107180113,3fde43eb,6-Aug-18,Aug,2020,SPRING,A-,A,pass ,pass 
2018,FALL,MATH120,MATH120,1,1714,31,20-Aug-18,P107180113,3fdfbb45,17-Aug-18,Aug,2020,SPRING,A,A,pass ,pass 
2018,FALL,MATH120,MATH120,1,1615,31,20-Aug-18,P107180113,3feddaef,16-Jul-18,Jul,2020,SPRING,A-,B,pass ,pass 
2018,FALL,MATH120,MATH120,1,1516,31,20-Aug-18,P107180113,3fee8409,18-Jul-18,Jul,2020,SPRING,B,B,pass ,pass 
2018,FALL,MATH120,MATH120,1,1714,31,20-Aug-18,P100021964,3feff7df,17-Jul-18,Jul,2019,SPRING,B,C-,pass ,pass 
2018,FALL,MATH120,MATH120,1,1615,31,20-Aug-18,P093001886,3ff22311,26-Jun-18,Jun,2019,SPRING,A,A,pass ,pass 
2018,FALL,MATH120,MATH120,1,1615,31,20-Aug-18,P100062478,3ff088f3,20-Jul-18,Jul,2019,SPRING,A-,,pass ,
2018,FALL,MATH120,MATH120,1,1516,31,20-Aug-18,P100062478,3fef622f,18-Jul-18,Jul,2020,SPRING,B,,pass ,
2018,FALL,MATH120,MATH120,1,1516,31,20-Aug-18,P100062478,3fe750df,19-Jul-18,Jul,2020,SPRING,A+,,pass ,
2018,FALL,MATH120,MATH120,1,1516,31,20-Aug-18,P100062478,3fdfd319,16-Jul-18,Jul,2019,SPRING,D,,fail,
2018,FALL,MATH120,MATH120,1,1516,31,20-Aug-18,P107180114,3feb86af,16-Aug-18,Aug,2020,SPRING,A,A,pass ,pass 
2018,FALL,MATH120,MATH120,1,1714,31,20-Aug-18,P107180114,3fe0dd77,18-Jul-18,Jul,2020,SPRING,B+,A,pass ,pass 
2018,FALL,MATH209,MATH120,0,1516,31,20-Aug-18,P008616066,3fe7d4a1,27-Jul-18,Jul,2020,SPRING,B,B-,pass ,pass 
2018,FALL,MATH209,MATH120,0,1516,31,20-Aug-18,P002014415,3ff0053b,27-Jul-18,Jul,2020,SPRING,A,A,pass ,pass 
2018,FALL,MATH209,MATH120,0,1912,31,20-Aug-18,P100003700,3fee2c2f,19-Jul-18,Jul,2020,SPRING,B,B-,pass ,pass 
2018,FALL,MATH209,MATH120,0,1714,31,20-Aug-18,P100003700,3fee0a51,19-Jul-18,Jul,2020,SPRING,D,D,fail,fail
2018,FALL,MATH209,MATH120,0,1516,31,20-Aug-18,P100003700,3ff023db,14-Aug-18,Aug,2018,FALL,W,,W,
2018,FALL,MATH209,MATH120,0,1615,31,20-Aug-18,P100003700,3fefe6af,20-Jul-18,Jul,2019,SPRING,B-,B,pass ,pass 
2018,FALL,MATH209,MATH120,0,1516,31,20-Aug-18,P093001886,3fe2140d,18-Jul-18,Jul,2020,SPRING,B,A,pass ,pass 
2018,FALL,MATH209,MATH120,0,1615,31,20-Aug-18,P100003700,3fe3e981,19-Jul-18,Jul,2020,SPRING,A-,A-,pass ,pass 
2018,FALL,MATH209,MATH120,0,1813,31,20-Aug-18,P100003700,3ff14b49,19-Jul-18,Jul,2020,SPRING,B,B,pass ,pass 
2018,FALL,MATH209,MATH120,0,1615,31,20-Aug-18,P100003700,3ff013e1,19-Jul-18,Jul,2020,SPRING,B,B,pass ,pass 
2018,FALL,MATH209,MATH120,0,1516,31,20-Aug-18,P107265288,3fe06315,17-Jul-18,Jul,2020,SPRING,B+,C,pass ,pass 
2018,FALL,MATH209,MATH120,0,1615,31,20-Aug-18,P107265288,3fdfd003,20-Jul-18,Jul,2019,SPRING,D+,D,fail,fail
2018,FALL,MATH117,MATH120,0,1616,32,20-Aug-18,P107265286,3fe69717,16-Jul-18,Jul,2020,SPRING,A,B+,pass ,pass 
2018,FALL,MATH117,MATH120,0,1715,32,20-Aug-18,P107265286,3fe2e987,17-Jul-18,Jul,2020,SPRING,A+,A+,pass ,pass 
2018,FALL,MATH117,MATH120,0,1616,32,20-Aug-18,P107180113,3fedf98f,6-Aug-18,Aug,2020,SPRING,A+,A,pass ,pass 
2018,FALL,MATH120,MATH120,1,1715,32,20-Aug-18,P089003876,3fe10f95,17-Jul-18,Jul,2019,SPRING,A,B,pass ,pass 
2018,FALL,MATH120,MATH120,1,1814,32,20-Aug-18,P089003876,3fed379d,16-Jul-18,Jul,2020,SPRING,A,A,pass ,pass 
2018,FALL,MATH120,MATH120,1,1913,32,20-Aug-18,P107180113,3ff00c25,18-Jul-18,Jul,2018,FALL,B-,C,pass ,pass 
2018,FALL,MATH120,MATH120,1,1616,32,20-Aug-18,P093001886,3fdf9a89,16-Jul-18,Jul,2020,SPRING,A,A,pass ,pass 
2018,FALL,MATH120,MATH120,1,1616,32,20-Aug-18,P093001886,3ff109d1,17-Jul-18,Jul,2020,SPRING,C,B-,pass ,pass 
2018,FALL,MATH120,MATH120,1,1616,32,20-Aug-18,P100062478,3fea4ad3,24-Jul-18,Jul,2019,SPRING,F,,fail,
2018,FALL,MATH120,MATH120,1,1616,32,20-Aug-18,P100062478,3ff06bbb,17-Aug-18,Aug,2020,SPRING,B,,pass ,
2018,FALL,MATH120,MATH120,1,1715,32,20-Aug-18,P107180114,3fee5aa1,18-Jul-18,Jul,2020,SPRING,A,A,pass ,pass 
2018,FALL,MATH209,MATH120,0,1715,32,20-Aug-18,P002014415,3ff00743,17-Jul-18,Jul,2020,SPRING,A,B,pass ,pass 
2018,FALL,MATH209,MATH120,0,1814,32,20-Aug-18,P002014415,3ff0f031,16-Jul-18,Jul,2020,SPRING,A,A,pass ,pass 
2018,FALL,MATH209,MATH120,0,1616,32,20-Aug-18,P093001886,3ff09a55,18-Jul-18,Jul,2020,SPRING,A,A,pass ,pass 
2018,FALL,MATH209,MATH120,0,1715,32,20-Aug-18,P100003700,3fee28e7,26-Jul-18,Jul,2020,SPRING,B+,B+,pass ,pass 
2018,FALL,MATH209,MATH120,0,1715,32,20-Aug-18,P107265288,3ff00d47,16-Jul-18,Jul,2020,SPRING,A,A,pass ,pass 
2018,SPRING,MATH209,MATH120,0,1616,32,10-Jan-18,P100003700,3fe77b05,9-Nov-17,Nov,2020,SPRING,A,A,pass ,pass 
2018,FALL,MATH116,MATH120,0,1716,33,20-Aug-18,P100062478,3fe7dfd7,31-Jul-18,Jul,2019,FALL,A+,,pass ,
2018,FALL,MATH116,MATH120,0,1914,33,20-Aug-18,P107180114,3ff03227,19-Jul-18,Jul,2020,SPRING,A,A,pass ,pass 
2018,FALL,MATH116,MATH120,0,1716,33,20-Aug-18,P089009198,3fe72c8b,19-Jul-18,Jul,2019,SPRING,A,A,pass ,pass 
2018,FALL,MATH116,MATH120,0,1815,33,20-Aug-18,P089009198,3ff22703,19-Jul-18,Jul,2020,SPRING,A,A,pass ,pass 
2018,FALL,MATH116,MATH120,0,1815,33,20-Aug-18,P107266245,3ff1085f,17-Jul-18,Jul,2020,SPRING,B,B,pass ,pass 
2018,FALL,MATH116,MATH120,0,1716,33,20-Aug-18,P107266245,3ff0bfad,20-Jul-18,Jul,2020,SPRING,B,B,pass ,pass 
2018,FALL,MATH117,MATH120,0,1815,33,20-Aug-18,P107265286,3fdc871d,17-Aug-18,Aug,2019,SPRING,B,B+,pass ,pass 
2018,FALL,MATH117,MATH120,0,1815,33,20-Aug-18,P107265286,3ff013af,16-Jul-18,Jul,2020,SPRING,A+,A+,pass ,pass 
2018,FALL,MATH117,MATH120,0,1716,33,20-Aug-18,P107180113,3ff002d9,17-Jul-18,Jul,2020,SPRING,A,A,pass ,pass 
2018,FALL,MATH117,MATH120,0,1716,33,20-Aug-18,P107180113,3ff0464f,17-Jul-18,Jul,2020,SPRING,A-,A,pass ,pass 
2018,FALL,MATH117,MATH120,0,1716,33,20-Aug-18,P107180113,3fee652d,12-Jul-18,Jul,2020,SPRING,A,A,pass ,pass 
2018,FALL,MATH117,MATH120,0,1716,33,20-Aug-18,P107180113,3ff00fbd,16-Jul-18,Jul,2020,SPRING,B+,A,pass ,pass 
2018,FALL,MATH120,MATH120,1,1716,33,20-Aug-18,P089003876,3fe6ba53,5-Jun-18,Jun,2020,SPRING,A,A,pass ,pass 
2018,FALL,MATH120,MATH120,1,1914,33,20-Aug-18,P089003876,3ff00f81,16-Jul-18,Jul,2020,SPRING,A,A,pass ,pass 
2018,FALL,MATH120,MATH120,1,1716,33,20-Aug-18,P089003876,3fefe425,17-Jul-18,Jul,2020,SPRING,A-,B+,pass ,pass 
2018,FALL,MATH120,MATH120,1,1716,33,20-Aug-18,P107180113,3ff01035,17-Jul-18,Jul,2019,FALL,A,A,pass ,pass 
2018,FALL,MATH120,MATH120,1,1914,33,20-Aug-18,P100021964,3ff1ed51,18-Jul-18,Jul,2020,SPRING,B,B-,pass ,pass 
2018,FALL,MATH120,MATH120,1,1716,33,20-Aug-18,P093001886,3fefb455,17-Jul-18,Jul,2020,SPRING,A,A+,pass ,pass 
2018,FALL,MATH209,MATH120,0,1716,33,20-Aug-18,P100021964,3ff0100d,17-Jul-18,Jul,2019,SPRING,A,A,pass ,pass 
2018,FALL,MATH209,MATH120,0,1815,33,20-Aug-18,P093001886,3fedf5cf,13-Jul-18,Jul,2020,SPRING,A,A,pass ,pass 
2018,FALL,MATH209,MATH120,0,1716,33,20-Aug-18,P093001886,3fe6290d,17-Jul-18,Jul,2020,SPRING,A,A,pass ,pass 
2018,FALL,MATH209,MATH120,0,1716,33,20-Aug-18,P093001886,3fee4601,18-Jul-18,Jul,2020,SPRING,A,A,pass ,pass 
2018,FALL,MATH209,MATH120,0,1815,33,20-Aug-18,P100003700,3ff01599,17-Jul-18,Jul,2020,SPRING,B+,B,pass ,pass 
2018,FALL,MATH209,MATH120,0,1815,33,20-Aug-18,P107265288,3fefe82b,16-Jul-18,Jul,2020,SPRING,B+,A-,pass ,pass 
2018,FALL,MATH209,MATH120,0,1716,33,20-Aug-18,P107265288,3ff00ddd,31-Jul-18,Jul,2019,SPRING,C,D,pass ,fail
2018,FALL,MATH116,MATH120,0,1816,34,20-Aug-18,P100062478,3fddef8b,12-Jul-18,Jul,2020,SPRING,A+,,pass ,
2018,FALL,MATH116,MATH120,0,1816,34,20-Aug-18,P100062478,3ff0ad83,16-Jul-18,Jul,2020,SPRING,A+,,pass ,
2018,FALL,MATH116,MATH120,0,1816,34,20-Aug-18,P107266245,3fef630b,17-Jul-18,Jul,2020,SPRING,A,A,pass ,pass 
2018,FALL,MATH117,MATH120,0,1816,34,20-Aug-18,P107265286,3fe40213,12-Jul-18,Jul,2020,SPRING,B-,B,pass ,pass 
2018,FALL,MATH117,MATH120,0,1915,34,20-Aug-18,P107265286,3ff01323,20-Jul-18,Jul,2020,SPRING,B,C+,pass ,pass 
2018,FALL,MATH117,MATH120,0,1816,34,20-Aug-18,P107180113,3feffaa5,17-Jul-18,Jul,2020,SPRING,A+,A,pass ,pass 
2018,FALL,MATH120,MATH120,1,1816,34,20-Aug-18,P089003876,3fdb1757,13-Jul-18,Jul,2020,SPRING,A,A,pass ,pass 
2018,FALL,MATH120,MATH120,1,1816,34,20-Aug-18,P089003876,3fec0337,2-Aug-18,Aug,2020,SPRING,A,A,pass ,pass 
2018,FALL,MATH120,MATH120,1,1915,34,20-Aug-18,P107180113,3fee2ced,12-Jul-18,Jul,2020,SPRING,A,A,pass ,pass 
2018,FALL,MATH120,MATH120,1,1915,34,20-Aug-18,P107180114,3fe54655,16-Jul-18,Jul,2020,SPRING,A,A,pass ,pass 
2018,FALL,MATH120,MATH120,1,1816,34,20-Aug-18,P107180114,3fe6643b,20-Aug-18,Aug,2020,SPRING,A,A,pass ,pass 
2018,FALL,MATH209,MATH120,0,1816,34,20-Aug-18,P008616066,3ff146df,21-Aug-18,Aug,2020,SPRING,B,C+,pass ,pass 
2018,FALL,MATH209,MATH120,0,1915,34,20-Aug-18,P008616066,3ff0120b,30-Jul-18,Jul,2020,SPRING,A+,A,pass ,pass 
2018,FALL,MATH209,MATH120,0,1915,34,20-Aug-18,P002014415,3fee0411,24-Jul-18,Jul,2019,SPRING,A,A+,pass ,pass 
2018,FALL,MATH117,MATH120,0,1916,35,20-Aug-18,P107265286,3fddf39b,12-Jul-18,Jul,2020,SPRING,A+,A+,pass ,pass 
2018,FALL,MATH120,MATH120,1,1916,35,20-Aug-18,P089003876,3ff010b7,20-Aug-18,Aug,2019,SPRING,C,B,pass ,pass 
2018,FALL,MATH120,MATH120,1,1916,35,20-Aug-18,P107180113,3ff111dd,18-Jul-18,Jul,2020,SPRING,A,A,pass ,pass 
2018,FALL,MATH120,MATH120,1,2015,35,20-Aug-18,P093001886,3fee951b,18-Jul-18,Jul,2020,SPRING,A,A+,pass ,pass 
2018,FALL,MATH120,MATH120,1,1916,35,20-Aug-18,P107180114,3fedf39f,18-Jul-18,Jul,2020,SPRING,A,A,pass ,pass 
2018,FALL,MATH209,MATH120,0,1916,35,20-Aug-18,P008616066,3fefdf93,18-Jul-18,Jul,2020,SPRING,A+,A+,pass ,pass 
2018,FALL,MATH209,MATH120,0,1916,35,20-Aug-18,P100021964,3fee20e5,16-Jul-18,Jul,2020,SPRING,A,A,pass ,pass 
2018,FALL,MATH209,MATH120,0,1916,35,20-Aug-18,P100021964,3fed6907,18-Jul-18,Jul,2020,SPRING,A+,A+,pass ,pass 
2018,FALL,MATH209,MATH120,0,1916,35,20-Aug-18,P093001886,3fe83487,13-Aug-18,Aug,2020,SPRING,A,A,pass ,pass 
2018,FALL,MATH209,MATH120,0,1916,35,20-Aug-18,P107265288,3fecc619,17-Jul-18,Jul,2020,SPRING,A,A,pass ,pass 
2018,FALL,MATH116,MATH120,0,2016,36,20-Aug-18,P089009198,3fe53c41,17-Jul-18,Jul,2020,SPRING,A,A,pass ,pass 
2018,FALL,MATH120,MATH120,1,2016,36,20-Aug-18,P089003876,3fdec1a9,21-Jun-18,Jun,2020,SPRING,A,A+,pass ,pass 
2018,FALL,MATH120,MATH120,1,2016,36,20-Aug-18,P107180113,3fe0b53b,18-Jul-18,Jul,2020,SPRING,A+,A,pass ,pass 
2018,FALL,MATH120,MATH120,1,2016,36,20-Aug-18,P100021964,3ff01337,18-Jul-18,Jul,2020,SPRING,A+,A,pass ,pass 
2018,FALL,MATH120,MATH120,1,2016,36,20-Aug-18,P100021964,3ff04d89,17-Jul-18,Jul,2018,FALL,B,C,pass ,pass 
2018,FALL,MATH120,MATH120,1,2016,36,20-Aug-18,P093001886,3ff1d361,16-Jul-18,Jul,2020,SPRING,A,A,pass ,pass 
2018,FALL,MATH120,MATH120,1,2016,36,20-Aug-18,P100062478,3ff00243,18-Jul-18,Jul,2020,SPRING,A+,,pass ,
2018,FALL,MATH209,MATH120,0,2016,36,20-Aug-18,P002014415,3fe1fb85,12-Jul-18,Jul,2020,SPRING,B,B-,pass ,pass 
2018,FALL,MATH209,MATH120,0,2016,36,20-Aug-18,P093001886,3fe72803,18-Jul-18,Jul,2020,SPRING,A,A,pass ,pass 
2018,FALL,MATH209,MATH120,0,2016,36,20-Aug-18,P100003700,3fdb1761,18-Jul-18,Jul,2020,SPRING,B+,A,pass ,pass 
2018,FALL,MATH209,MATH120,0,2016,36,20-Aug-18,P107265288,3ff233e7,8-Aug-18,Aug,2020,SPRING,A,A,pass ,pass 
,,,,,,,,,,,,,,,,,
,,,,,,,,,,,,,,,,,
,,,,,,,,,,,,,,,,,
,,,,,,,,,,,,,,,,,
,,,,,,,,,,,,,,,,,
,,,,,,,,,,,,,,,,,
,,,,,,,,,,,,,,,,,
,,,,,,,,,,,,,,,,,
,,,,,,,,,,,,,,,,,
,,,,,,,,,,,,,,,,,
,,,,,,,,,,,,,,,,,
,,,,,,,,,,,,,,,,,
,,,,,,,,,,,,,,,,,
,,,,,,,,,,,,,,,,,
,,,,,,,,,,,,,,,,,
,,,,,,,,,,,,,,,,,
,,,,,,,,,,,,,,,,,
,,,,,,,,,,,,,,,,,
,,,,,,,,,,,,,,,,,
,,,,,,,,,,,,,,,,,
,,,,,,,,,,,,,,,,,
,,,,,,,,,,,,,,,,,
,,,,,,,,,,,,,,,,,
,,,,,,,,,,,,,,,,,
,,,,,,,,,,,,,,,,,
,,,,,,,,,,,,,,,,,
,,,,,,,,,,,,,,,,,
,,,,,,,,,,,,,,,,,
,,,,,,,,,,,,,,,,,
,,,,,,,,,,,,,,,,,
,,,,,,,,,,,,,,,,,
,,,,,,,,,,,,,,,,,
,,,,,,,,,,,,,,,,,
,,,,,,,,,,,,,,,,,
,,,,,,,,,,,,,,,,,
,,,,,,,,,,,,,,,,,
,,,,,,,,,,,,,,,,,
,,,,,,,,,,,,,,,,,
,,,,,,,,,,,,,,,,,
,,,,,,,,,,,,,,,,,
,,,,,,,,,,,,,,,,,
,,,,,,,,,,,,,,,,,
,,,,,,,,,,,,,,,,,
,,,,,,,,,,,,,,,,,
,,,,,,,,,,,,,,,,,
,,,,,,,,,,,,,,,,,
,,,,,,,,,,,,,,,,,
,,,,,,,,,,,,,,,,,
,,,,,,,,,,,,,,,,,
,,,,,,,,,,,,,,,,,
,,,,,,,,,,,,,,,,,
,,,,,,,,,,,,,,,,,
,,,,,,,,,,,,,,,,,
,,,,,,,,,,,,,,,,,
,,,,,,,,,,,,,,,,,
,,,,,,,,,,,,,,,,,
,,,,,,,,,,,,,,,,,
,,,,,,,,,,,,,,,,,
,,,,,,,,,,,,,,,,,
,,,,,,,,,,,,,,,,,
,,,,,,,,,,,,,,,,,
,,,,,,,,,,,,,,,,,
,,,,,,,,,,,,,,,,,
,,,,,,,,,,,,,,,,,
,,,,,,,,,,,,,,,,,
,,,,,,,,,,,,,,,,,
,,,,,,,,,,,,,,,,,
,,,,,,,,,,,,,,,,,
,,,,,,,,,,,,,,,,,
,,,,,,,,,,,,,,,,,
,,,,,,,,,,,,,,,,,
,,,,,,,,,,,,,,,,,
,,,,,,,,,,,,,,,,,
,,,,,,,,,,,,,,,,,
,,,,,,,,,,,,,,,,,
,,,,,,,,,,,,,,,,,
,,,,,,,,,,,,,,,,,
,,,,,,,,,,,,,,,,,
,,,,,,,,,,,,,,,,,
,,,,,,,,,,,,,,,,,
,,,,,,,,,,,,,,,,,
,,,,,,,,,,,,,,,,,
,,,,,,,,,,,,,,,,,
,,,,,,,,,,,,,,,,,
,,,,,,,,,,,,,,,,,
,,,,,,,,,,,,,,,,,
,,,,,,,,,,,,,,,,,
,,,,,,,,,,,,,,,,,
,,,,,,,,,,,,,,,,,
,,,,,,,,,,,,,,,,,
,,,,,,,,,,,,,,,,,
,,,,,,,,,,,,,,,,,
,,,,,,,,,,,,,,,,,
,,,,,,,,,,,,,,,,,
,,,,,,,,,,,,,,,,,
,,,,,,,,,,,,,,,,,
,,,,,,,,,,,,,,,,,
,,,,,,,,,,,,,,,,,
,,,,,,,,,,,,,,,,,
,,,,,,,,,,,,,,,,,
,,,,,,,,,,,,,,,,,
,,,,,,,,,,,,,,,,,
,,,,,,,,,,,,,,,,,
,,,,,,,,,,,,,,,,,
,,,,,,,,,,,,,,,,,
,,,,,,,,,,,,,,,,,
,,,,,,,,,,,,,,,,,
,,,,,,,,,,,,,,,,,
,,,,,,,,,,,,,,,,,
,,,,,,,,,,,,,,,,,
,,,,,,,,,,,,,,,,,
,,,,,,,,,,,,,,,,,
,,,,,,,,,,,,,,,,,
,,,,,,,,,,,,,,,,,
,,,,,,,,,,,,,,,,,
,,,,,,,,,,,,,,,,,
,,,,,,,,,,,,,,,,,
,,,,,,,,,,,,,,,,,
,,,,,,,,,,,,,,,,,
,,,,,,,,,,,,,,,,,
,,,,,,,,,,,,,,,,,
,,,,,,,,,,,,,,,,,
,,,,,,,,,,,,,,,,,
,,,,,,,,,,,,,,,,,
,,,,,,,,,,,,,,,,,
,,,,,,,,,,,,,,,,,
,,,,,,,,,,,,,,,,,
,,,,,,,,,,,,,,,,,
,,,,,,,,,,,,,,,,,
,,,,,,,,,,,,,,,,,
,,,,,,,,,,,,,,,,,
,,,,,,,,,,,,,,,,,
,,,,,,,,,,,,,,,,,
,,,,,,,,,,,,,,,,,
,,,,,,,,,,,,,,,,,
,,,,,,,,,,,,,,,,,
,,,,,,,,,,,,,,,,,
,,,,,,,,,,,,,,,,,
,,,,,,,,,,,,,,,,,
,,,,,,,,,,,,,,,,,
,,,,,,,,,,,,,,,,,
,,,,,,,,,,,,,,,,,
,,,,,,,,,,,,,,,,,
,,,,,,,,,,,,,,,,,
,,,,,,,,,,,,,,,,,
,,,,,,,,,,,,,,,,,
,,,,,,,,,,,,,,,,,
,,,,,,,,,,,,,,,,,
,,,,,,,,,,,,,,,,,
,,,,,,,,,,,,,,,,,
,,,,,,,,,,,,,,,,,
,,,,,,,,,,,,,,,,,
,,,,,,,,,,,,,,,,,
,,,,,,,,,,,,,,,,,
,,,,,,,,,,,,,,,,,
,,,,,,,,,,,,,,,,,
,,,,,,,,,,,,,,,,,
,,,,,,,,,,,,,,,,,
,,,,,,,,,,,,,,,,,
,,,,,,,,,,,,,,,,,
,,,,,,,,,,,,,,,,,
,,,,,,,,,,,,,,,,,
,,,,,,,,,,,,,,,,,
,,,,,,,,,,,,,,,,,
,,,,,,,,,,,,,,,,,
,,,,,,,,,,,,,,,,,
,,,,,,,,,,,,,,,,,
,,,,,,,,,,,,,,,,,
,,,,,,,,,,,,,,,,,
,,,,,,,,,,,,,,,,,
,,,,,,,,,,,,,,,,,
,,,,,,,,,,,,,,,,,
,,,,,,,,,,,,,,,,,
,,,,,,,,,,,,,,,,,
,,,,,,,,,,,,,,,,,
,,,,,,,,,,,,,,,,,
,,,,,,,,,,,,,,,,,
,,,,,,,,,,,,,,,,,
,,,,,,,,,,,,,,,,,
,,,,,,,,,,,,,,,,,
,,,,,,,,,,,,,,,,,
,,,,,,,,,,,,,,,,,
,,,,,,,,,,,,,,,,,
,,,,,,,,,,,,,,,,,
,,,,,,,,,,,,,,,,,
,,,,,,,,,,,,,,,,,
,,,,,,,,,,,,,,,,,
,,,,,,,,,,,,,,,,,
,,,,,,,,,,,,,,,,,
,,,,,,,,,,,,,,,,,
,,,,,,,,,,,,,,,,,
,,,,,,,,,,,,,,,,,
,,,,,,,,,,,,,,,,,
,,,,,,,,,,,,,,,,,
,,,,,,,,,,,,,,,,,
,,,,,,,,,,,,,,,,,
,,,,,,,,,,,,,,,,,
,,,,,,,,,,,,,,,,,
,,,,,,,,,,,,,,,,,
,,,,,,,,,,,,,,,,,
,,,,,,,,,,,,,,,,,
,,,,,,,,,,,,,,,,,
,,,,,,,,,,,,,,,,,
,,,,,,,,,,,,,,,,,
,,,,,,,,,,,,,,,,,
,,,,,,,,,,,,,,,,,
,,,,,,,,,,,,,,,,,
,,,,,,,,,,,,,,,,,
,,,,,,,,,,,,,,,,,
,,,,,,,,,,,,,,,,,
,,,,,,,,,,,,,,,,,
,,,,,,,,,,,,,,,,,
,,,,,,,,,,,,,,,,,
,,,,,,,,,,,,,,,,,
,,,,,,,,,,,,,,,,,
,,,,,,,,,,,,,,,,,
,,,,,,,,,,,,,,,,,
,,,,,,,,,,,,,,,,,
,,,,,,,,,,,,,,,,,
,,,,,,,,,,,,,,,,,
,,,,,,,,,,,,,,,,,
,,,,,,,,,,,,,,,,,
,,,,,,,,,,,,,,,,,
,,,,,,,,,,,,,,,,,
,,,,,,,,,,,,,,,,,
,,,,,,,,,,,,,,,,,
,,,,,,,,,,,,,,,,,
,,,,,,,,,,,,,,,,,
,,,,,,,,,,,,,,,,,
,,,,,,,,,,,,,,,,,
,,,,,,,,,,,,,,,,,
,,,,,,,,,,,,,,,,,
,,,,,,,,,,,,,,,,,
,,,,,,,,,,,,,,,,,
,,,,,,,,,,,,,,,,,
,,,,,,,,,,,,,,,,,
,,,,,,,,,,,,,,,,,
,,,,,,,,,,,,,,,,,
,,,,,,,,,,,,,,,,,
,,,,,,,,,,,,,,,,,
,,,,,,,,,,,,,,,,,
,,,,,,,,,,,,,,,,,
,,,,,,,,,,,,,,,,,
,,,,,,,,,,,,,,,,,
,,,,,,,,,,,,,,,,,
,,,,,,,,,,,,,,,,,
,,,,,,,,,,,,,,,,,
,,,,,,,,,,,,,,,,,
,,,,,,,,,,,,,,,,,
,,,,,,,,,,,,,,,,,
,,,,,,,,,,,,,,,,,
,,,,,,,,,,,,,,,,,
,,,,,,,,,,,,,,,,,
,,,,,,,,,,,,,,,,,
,,,,,,,,,,,,,,,,,
,,,,,,,,,,,,,,,,,
,,,,,,,,,,,,,,,,,
,,,,,,,,,,,,,,,,,
,,,,,,,,,,,,,,,,,
,,,,,,,,,,,,,,,,,
,,,,,,,,,,,,,,,,,
,,,,,,,,,,,,,,,,,
,,,,,,,,,,,,,,,,,
,,,,,,,,,,,,,,,,,
,,,,,,,,,,,,,,,,,
,,,,,,,,,,,,,,,,,
,,,,,,,,,,,,,,,,,
,,,,,,,,,,,,,,,,,
,,,,,,,,,,,,,,,,,
,,,,,,,,,,,,,,,,,
,,,,,,,,,,,,,,,,,
,,,,,,,,,,,,,,,,,
,,,,,,,,,,,,,,,,,
,,,,,,,,,,,,,,,,,
,,,,,,,,,,,,,,,,,
,,,,,,,,,,,,,,,,,
,,,,,,,,,,,,,,,,,
,,,,,,,,,,,,,,,,,
,,,,,,,,,,,,,,,,,
,,,,,,,,,,,,,,,,,
,,,,,,,,,,,,,,,,,
,,,,,,,,,,,,,,,,,
,,,,,,,,,,,,,,,,,
,,,,,,,,,,,,,,,,,
,,,,,,,,,,,,,,,,,
,,,,,,,,,,,,,,,,,
,,,,,,,,,,,,,,,,,
,,,,,,,,,,,,,,,,,
,,,,,,,,,,,,,,,,,
,,,,,,,,,,,,,,,,,
,,,,,,,,,,,,,,,,,
,,,,,,,,,,,,,,,,,
,,,,,,,,,,,,,,,,,
,,,,,,,,,,,,,,,,,
,,,,,,,,,,,,,,,,,
,,,,,,,,,,,,,,,,,
,,,,,,,,,,,,,,,,,
,,,,,,,,,,,,,,,,,
,,,,,,,,,,,,,,,,,
,,,,,,,,,,,,,,,,,
,,,,,,,,,,,,,,,,,
,,,,,,,,,,,,,,,,,
,,,,,,,,,,,,,,,,,
,,,,,,,,,,,,,,,,,
,,,,,,,,,,,,,,,,,
,,,,,,,,,,,,,,,,,
,,,,,,,,,,,,,,,,,
,,,,,,,,,,,,,,,,,
,,,,,,,,,,,,,,,,,
,,,,,,,,,,,,,,,,,
,,,,,,,,,,,,,,,,,
,,,,,,,,,,,,,,,,,
,,,,,,,,,,,,,,,,,
,,,,,,,,,,,,,,,,,
,,,,,,,,,,,,,,,,,
,,,,,,,,,,,,,,,,,
,,,,,,,,,,,,,,,,,
,,,,,,,,,,,,,,,,,
,,,,,,,,,,,,,,,,,
,,,,,,,,,,,,,,,,,
,,,,,,,,,,,,,,,,,
,,,,,,,,,,,,,,,,,
,,,,,,,,,,,,,,,,,
,,,,,,,,,,,,,,,,,
,,,,,,,,,,,,,,,,,
,,,,,,,,,,,,,,,,,
,,,,,,,,,,,,,,,,,
,,,,,,,,,,,,,,,,,
,,,,,,,,,,,,,,,,,
,,,,,,,,,,,,,,,,,
,,,,,,,,,,,,,,,,,
,,,,,,,,,,,,,,,,,
,,,,,,,,,,,,,,,,,
,,,,,,,,,,,,,,,,,
,,,,,,,,,,,,,,,,,
,,,,,,,,,,,,,,,,,
,,,,,,,,,,,,,,,,,
,,,,,,,,,,,,,,,,,
,,,,,,,,,,,,,,,,,
,,,,,,,,,,,,,,,,,
,,,,,,,,,,,,,,,,,
,,,,,,,,,,,,,,,,,
,,,,,,,,,,,,,,,,,
,,,,,,,,,,,,,,,,,
,,,,,,,,,,,,,,,,,
,,,,,,,,,,,,,,,,,
,,,,,,,,,,,,,,,,,
,,,,,,,,,,,,,,,,,
,,,,,,,,,,,,,,,,,
,,,,,,,,,,,,,,,,,
,,,,,,,,,,,,,,,,,
,,,,,,,,,,,,,,,,,
,,,,,,,,,,,,,,,,,
,,,,,,,,,,,,,,,,,
,,,,,,,,,,,,,,,,,
,,,,,,,,,,,,,,,,,
,,,,,,,,,,,,,,,,,
,,,,,,,,,,,,,,,,,
,,,,,,,,,,,,,,,,,
,,,,,,,,,,,,,,,,,
,,,,,,,,,,,,,,,,,
,,,,,,,,,,,,,,,,,
,,,,,,,,,,,,,,,,,
,,,,,,,,,,,,,,,,,
,,,,,,,,,,,,,,,,,
,,,,,,,,,,,,,,,,,
,,,,,,,,,,,,,,,,,
,,,,,,,,,,,,,,,,,
,,,,,,,,,,,,,,,,,
,,,,,,,,,,,,,,,,,
,,,,,,,,,,,,,,,,,
,,,,,,,,,,,,,,,,,
,,,,,,,,,,,,,,,,,
,,,,,,,,,,,,,,,,,
,,,,,,,,,,,,,,,,,
,,,,,,,,,,,,,,,,,
,,,,,,,,,,,,,,,,,
,,,,,,,,,,,,,,,,,
,,,,,,,,,,,,,,,,,
,,,,,,,,,,,,,,,,,
,,,,,,,,,,,,,,,,,
,,,,,,,,,,,,,,,,,
,,,,,,,,,,,,,,,,,
,,,,,,,,,,,,,,,,,
,,,,,,,,,,,,,,,,,
,,,,,,,,,,,,,,,,,
,,,,,,,,,,,,,,,,,
,,,,,,,,,,,,,,,,,
,,,,,,,,,,,,,,,,,
,,,,,,,,,,,,,,,,,
,,,,,,,,,,,,,,,,,
,,,,,,,,,,,,,,,,,
,,,,,,,,,,,,,,,,,
,,,,,,,,,,,,,,,,,
,,,,,,,,,,,,,,,,,
,,,,,,,,,,,,,,,,,
,,,,,,,,,,,,,,,,,
,,,,,,,,,,,,,,,,,
,,,,,,,,,,,,,,,,,
,,,,,,,,,,,,,,,,,
,,,,,,,,,,,,,,,,,
,,,,,,,,,,,,,,,,,
,,,,,,,,,,,,,,,,,
,,,,,,,,,,,,,,,,,
,,,,,,,,,,,,,,,,,
,,,,,,,,,,,,,,,,,
,,,,,,,,,,,,,,,,,
,,,,,,,,,,,,,,,,,
,,,,,,,,,,,,,,,,,
,,,,,,,,,,,,,,,,,
,,,,,,,,,,,,,,,,,
,,,,,,,,,,,,,,,,,
,,,,,,,,,,,,,,,,,
,,,,,,,,,,,,,,,,,
,,,,,,,,,,,,,,,,,
,,,,,,,,,,,,,,,,,
,,,,,,,,,,,,,,,,,
,,,,,,,,,,,,,,,,,
,,,,,,,,,,,,,,,,,
,,,,,,,,,,,,,,,,,
,,,,,,,,,,,,,,,,,
,,,,,,,,,,,,,,,,,
,,,,,,,,,,,,,,,,,
,,,,,,,,,,,,,,,,,
,,,,,,,,,,,,,,,,,
,,,,,,,,,,,,,,,,,
,,,,,,,,,,,,,,,,,
,,,,,,,,,,,,,,,,,
,,,,,,,,,,,,,,,,,
,,,,,,,,,,,,,,,,,
,,,,,,,,,,,,,,,,,
,,,,,,,,,,,,,,,,,
,,,,,,,,,,,,,,,,,
,,,,,,,,,,,,,,,,,
,,,,,,,,,,,,,,,,,
,,,,,,,,,,,,,,,,,
,,,,,,,,,,,,,,,,,
,,,,,,,,,,,,,,,,,
,,,,,,,,,,,,,,,,,
,,,,,,,,,,,,,,,,,
,,,,,,,,,,,,,,,,,
,,,,,,,,,,,,,,,,,
,,,,,,,,,,,,,,,,,
,,,,,,,,,,,,,,,,,
,,,,,,,,,,,,,,,,,
,,,,,,,,,,,,,,,,,
,,,,,,,,,,,,,,,,,
,,,,,,,,,,,,,,,,,
,,,,,,,,,,,,,,,,,
,,,,,,,,,,,,,,,,,
,,,,,,,,,,,,,,,,,
,,,,,,,,,,,,,,,,,
,,,,,,,,,,,,,,,,,
,,,,,,,,,,,,,,,,,
,,,,,,,,,,,,,,,,,
,,,,,,,,,,,,,,,,,
,,,,,,,,,,,,,,,,,
,,,,,,,,,,,,,,,,,
,,,,,,,,,,,,,,,,,
,,,,,,,,,,,,,,,,,
,,,,,,,,,,,,,,,,,
,,,,,,,,,,,,,,,,,
,,,,,,,,,,,,,,,,,
,,,,,,,,,,,,,,,,,
,,,,,,,,,,,,,,,,,
,,,,,,,,,,,,,,,,,
,,,,,,,,,,,,,,,,,
,,,,,,,,,,,,,,,,,
,,,,,,,,,,,,,,,,,
,,,,,,,,,,,,,,,,,
,,,,,,,,,,,,,,,,,
,,,,,,,,,,,,,,,,,
,,,,,,,,,,,,,,,,,
,,,,,,,,,,,,,,,,,
,,,,,,,,,,,,,,,,,
,,,,,,,,,,,,,,,,,
,,,,,,,,,,,,,,,,,
,,,,,,,,,,,,,,,,,
,,,,,,,,,,,,,,,,,
,,,,,,,,,,,,,,,,,
,,,,,,,,,,,,,,,,,
,,,,,,,,,,,,,,,,,
,,,,,,,,,,,,,,,,,
,,,,,,,,,,,,,,,,,
,,,,,,,,,,,,,,,,,
,,,,,,,,,,,,,,,,,
,,,,,,,,,,,,,,,,,
,,,,,,,,,,,,,,,,,
,,,,,,,,,,,,,,,,,
,,,,,,,,,,,,,,,,,
,,,,,,,,,,,,,,,,,
,,,,,,,,,,,,,,,,,
,,,,,,,,,,,,,,,,,
,,,,,,,,,,,,,,,,,
,,,,,,,,,,,,,,,,,
,,,,,,,,,,,,,,,,,
,,,,,,,,,,,,,,,,,
,,,,,,,,,,,,,,,,,
,,,,,,,,,,,,,,,,,
,,,,,,,,,,,,,,,,,
,,,,,,,,,,,,,,,,,
,,,,,,,,,,,,,,,,,
,,,,,,,,,,,,,,,,,
,,,,,,,,,,,,,,,,,
,,,,,,,,,,,,,,,,,
,,,,,,,,,,,,,,,,,
,,,,,,,,,,,,,,,,,
,,,,,,,,,,,,,,,,,
,,,,,,,,,,,,,,,,,
,,,,,,,,,,,,,,,,,
,,,,,,,,,,,,,,,,,
,,,,,,,,,,,,,,,,,
,,,,,,,,,,,,,,,,,
,,,,,,,,,,,,,,,,,
,,,,,,,,,,,,,,,,,
,,,,,,,,,,,,,,,,,
,,,,,,,,,,,,,,,,,
,,,,,,,,,,,,,,,,,
,,,,,,,,,,,,,,,,,
,,,,,,,,,,,,,,,,,
,,,,,,,,,,,,,,,,,
,,,,,,,,,,,,,,,,,
,,,,,,,,,,,,,,,,,
,,,,,,,,,,,,,,,,,
,,,,,,,,,,,,,,,,,
,,,,,,,,,,,,,,,,,
,,,,,,,,,,,,,,,,,
,,,,,,,,,,,,,,,,,
,,,,,,,,,,,,,,,,,
,,,,,,,,,,,,,,,,,
,,,,,,,,,,,,,,,,,
,,,,,,,,,,,,,,,,,
,,,,,,,,,,,,,,,,,
,,,,,,,,,,,,,,,,,
,,,,,,,,,,,,,,,,,
,,,,,,,,,,,,,,,,,
,,,,,,,,,,,,,,,,,
,,,,,,,,,,,,,,,,,
,,,,,,,,,,,,,,,,,
,,,,,,,,,,,,,,,,,
,,,,,,,,,,,,,,,,,
,,,,,,,,,,,,,,,,,
,,,,,,,,,,,,,,,,,
,,,,,,,,,,,,,,,,,
,,,,,,,,,,,,,,,,,
,,,,,,,,,,,,,,,,,
,,,,,,,,,,,,,,,,,
,,,,,,,,,,,,,,,,,
,,,,,,,,,,,,,,,,,
,,,,,,,,,,,,,,,,,
,,,,,,,,,,,,,,,,,
,,,,,,,,,,,,,,,,,
,,,,,,,,,,,,,,,,,
,,,,,,,,,,,,,,,,,
,,,,,,,,,,,,,,,,,
,,,,,,,,,,,,,,,,,
,,,,,,,,,,,,,,,,,
,,,,,,,,,,,,,,,,,
,,,,,,,,,,,,,,,,,
,,,,,,,,,,,,,,,,,
,,,,,,,,,,,,,,,,,
,,,,,,,,,,,,,,,,,
,,,,,,,,,,,,,,,,,
,,,,,,,,,,,,,,,,,
,,,,,,,,,,,,,,,,,
,,,,,,,,,,,,,,,,,
,,,,,,,,,,,,,,,,,
,,,,,,,,,,,,,,,,,
,,,,,,,,,,,,,,,,,
,,,,,,,,,,,,,,,,,
,,,,,,,,,,,,,,,,,
,,,,,,,,,,,,,,,,,
,,,,,,,,,,,,,,,,,
,,,,,,,,,,,,,,,,,
,,,,,,,,,,,,,,,,,
,,,,,,,,,,,,,,,,,
,,,,,,,,,,,,,,,,,
,,,,,,,,,,,,,,,,,
,,,,,,,,,,,,,,,,,
,,,,,,,,,,,,,,,,,
,,,,,,,,,,,,,,,,,
,,,,,,,,,,,,,,,,,
,,,,,,,,,,,,,,,,,
,,,,,,,,,,,,,,,,,
,,,,,,,,,,,,,,,,,
,,,,,,,,,,,,,,,,,
,,,,,,,,,,,,,,,,,
,,,,,,,,,,,,,,,,,
,,,,,,,,,,,,,,,,,
,,,,,,,,,,,,,,,,,
,,,,,,,,,,,,,,,,,
,,,,,,,,,,,,,,,,,
,,,,,,,,,,,,,,,,,
,,,,,,,,,,,,,,,,,
,,,,,,,,,,,,,,,,,
,,,,,,,,,,,,,,,,,
,,,,,,,,,,,,,,,,,
,,,,,,,,,,,,,,,,,
,,,,,,,,,,,,,,,,,
,,,,,,,,,,,,,,,,,
,,,,,,,,,,,,,,,,,
,,,,,,,,,,,,,,,,,
,,,,,,,,,,,,,,,,,
,,,,,,,,,,,,,,,,,
,,,,,,,,,,,,,,,,,
,,,,,,,,,,,,,,,,,
,,,,,,,,,,,,,,,,,
,,,,,,,,,,,,,,,,,
,,,,,,,,,,,,,,,,,
,,,,,,,,,,,,,,,,,
,,,,,,,,,,,,,,,,,
,,,,,,,,,,,,,,,,,
,,,,,,,,,,,,,,,,,
,,,,,,,,,,,,,,,,,
,,,,,,,,,,,,,,,,,
,,,,,,,,,,,,,,,,,
,,,,,,,,,,,,,,,,,
,,,,,,,,,,,,,,,,,
,,,,,,,,,,,,,,,,,
,,,,,,,,,,,,,,,,,
,,,,,,,,,,,,,,,,,
,,,,,,,,,,,,,,,,,
,,,,,,,,,,,,,,,,,
,,,,,,,,,,,,,,,,,
,,,,,,,,,,,,,,,,,
,,,,,,,,,,,,,,,,,
,,,,,,,,,,,,,,,,,
,,,,,,,,,,,,,,,,,
,,,,,,,,,,,,,,,,,
,,,,,,,,,,,,,,,,,
,,,,,,,,,,,,,,,,,
,,,,,,,,,,,,,,,,,
,,,,,,,,,,,,,,,,,
,,,,,,,,,,,,,,,,,
,,,,,,,,,,,,,,,,,
,,,,,,,,,,,,,,,,,
,,,,,,,,,,,,,,,,,
,,,,,,,,,,,,,,,,,
,,,,,,,,,,,,,,,,,
,,,,,,,,,,,,,,,,,
,,,,,,,,,,,,,,,,,
,,,,,,,,,,,,,,,,,
,,,,,,,,,,,,,,,,,
,,,,,,,,,,,,,,,,,
,,,,,,,,,,,,,,,,,
,,,,,,,,,,,,,,,,,
,,,,,,,,,,,,,,,,,
,,,,,,,,,,,,,,,,,
,,,,,,,,,,,,,,,,,
,,,,,,,,,,,,,,,,,
,,,,,,,,,,,,,,,,,
,,,,,,,,,,,,,,,,,
,,,,,,,,,,,,,,,,,
,,,,,,,,,,,,,,,,,
,,,,,,,,,,,,,,,,,
,,,,,,,,,,,,,,,,,
,,,,,,,,,,,,,,,,,
,,,,,,,,,,,,,,,,,
,,,,,,,,,,,,,,,,,
,,,,,,,,,,,,,,,,,
,,,,,,,,,,,,,,,,,
,,,,,,,,,,,,,,,,,
,,,,,,,,,,,,,,,,,
,,,,,,,,,,,,,,,,,
,,,,,,,,,,,,,,,,,
,,,,,,,,,,,,,,,,,
,,,,,,,,,,,,,,,,,
,,,,,,,,,,,,,,,,,
,,,,,,,,,,,,,,,,,
,,,,,,,,,,,,,,,,,
,,,,,,,,,,,,,,,,,
,,,,,,,,,,,,,,,,,
,,,,,,,,,,,,,,,,,
,,,,,,,,,,,,,,,,,
,,,,,,,,,,,,,,,,,
,,,,,,,,,,,,,,,,,
,,,,,,,,,,,,,,,,,
,,,,,,,,,,,,,,,,,
,,,,,,,,,,,,,,,,,
,,,,,,,,,,,,,,,,,
,,,,,,,,,,,,,,,,,
,,,,,,,,,,,,,,,,,
,,,,,,,,,,,,,,,,,
,,,,,,,,,,,,,,,,,
,,,,,,,,,,,,,,,,,
,,,,,,,,,,,,,,,,,
,,,,,,,,,,,,,,,,,
,,,,,,,,,,,,,,,,,
,,,,,,,,,,,,,,,,,
,,,,,,,,,,,,,,,,,
,,,,,,,,,,,,,,,,,
,,,,,,,,,,,,,,,,,
,,,,,,,,,,,,,,,,,
,,,,,,,,,,,,,,,,,
,,,,,,,,,,,,,,,,,
,,,,,,,,,,,,,,,,,
,,,,,,,,,,,,,,,,,
,,,,,,,,,,,,,,,,,
,,,,,,,,,,,,,,,,,
,,,,,,,,,,,,,,,,,
,,,,,,,,,,,,,,,,,
,,,,,,,,,,,,,,,,,
,,,,,,,,,,,,,,,,,
,,,,,,,,,,,,,,,,,
,,,,,,,,,,,,,,,,,
,,,,,,,,,,,,,,,,,
,,,,,,,,,,,,,,,,,
,,,,,,,,,,,,,,,,,
,,,,,,,,,,,,,,,,,
,,,,,,,,,,,,,,,,,
,,,,,,,,,,,,,,,,,
,,,,,,,,,,,,,,,,,
,,,,,,,,,,,,,,,,,
,,,,,,,,,,,,,,,,,
,,,,,,,,,,,,,,,,,
,,,,,,,,,,,,,,,,,
,,,,,,,,,,,,,,,,,
,,,,,,,,,,,,,,,,,
,,,,,,,,,,,,,,,,,
,,,,,,,,,,,,,,,,,
,,,,,,,,,,,,,,,,,
,,,,,,,,,,,,,,,,,
,,,,,,,,,,,,,,,,,
,,,,,,,,,,,,,,,,,
,,,,,,,,,,,,,,,,,
,,,,,,,,,,,,,,,,,
,,,,,,,,,,,,,,,,,
,,,,,,,,,,,,,,,,,
,,,,,,,,,,,,,,,,,
,,,,,,,,,,,,,,,,,
,,,,,,,,,,,,,,,,,
,,,,,,,,,,,,,,,,,
,,,,,,,,,,,,,,,,,
,,,,,,,,,,,,,,,,,
,,,,,,,,,,,,,,,,,
,,,,,,,,,,,,,,,,,
,,,,,,,,,,,,,,,,,
,,,,,,,,,,,,,,,,,
,,,,,,,,,,,,,,,,,
,,,,,,,,,,,,,,,,,
,,,,,,,,,,,,,,,,,
,,,,,,,,,,,,,,,,,
,,,,,,,,,,,,,,,,,
,,,,,,,,,,,,,,,,,
,,,,,,,,,,,,,,,,,
,,,,,,,,,,,,,,,,,
,,,,,,,,,,,,,,,,,
,,,,,,,,,,,,,,,,,
,,,,,,,,,,,,,,,,,
,,,,,,,,,,,,,,,,,
,,,,,,,,,,,,,,,,,
,,,,,,,,,,,,,,,,,
,,,,,,,,,,,,,,,,,
,,,,,,,,,,,,,,,,,
,,,,,,,,,,,,,,,,,
,,,,,,,,,,,,,,,,,
,,,,,,,,,,,,,,,,,
,,,,,,,,,,,,,,,,,
,,,,,,,,,,,,,,,,,
,,,,,,,,,,,,,,,,,
,,,,,,,,,,,,,,,,,
,,,,,,,,,,,,,,,,,
,,,,,,,,,,,,,,,,,
,,,,,,,,,,,,,,,,,
,,,,,,,,,,,,,,,,,
,,,,,,,,,,,,,,,,,
,,,,,,,,,,,,,,,,,
,,,,,,,,,,,,,,,,,
,,,,,,,,,,,,,,,,,
,,,,,,,,,,,,,,,,,
,,,,,,,,,,,,,,,,,
,,,,,,,,,,,,,,,,,
,,,,,,,,,,,,,,,,,
,,,,,,,,,,,,,,,,,
,,,,,,,,,,,,,,,,,
,,,,,,,,,,,,,,,,,
,,,,,,,,,,,,,,,,,
,,,,,,,,,,,,,,,,,
,,,,,,,,,,,,,,,,,
,,,,,,,,,,,,,,,,,
,,,,,,,,,,,,,,,,,
,,,,,,,,,,,,,,,,,
,,,,,,,,,,,,,,,,,
,,,,,,,,,,,,,,,,,
,,,,,,,,,,,,,,,,,
,,,,,,,,,,,,,,,,,
,,,,,,,,,,,,,,,,,
,,,,,,,,,,,,,,,,,
,,,,,,,,,,,,,,,,,
,,,,,,,,,,,,,,,,,
,,,,,,,,,,,,,,,,,
,,,,,,,,,,,,,,,,,
,,,,,,,,,,,,,,,,,
,,,,,,,,,,,,,,,,,
,,,,,,,,,,,,,,,,,
,,,,,,,,,,,,,,,,,
,,,,,,,,,,,,,,,,,
,,,,,,,,,,,,,,,,,
,,,,,,,,,,,,,,,,,
,,,,,,,,,,,,,,,,,
,,,,,,,,,,,,,,,,,
,,,,,,,,,,,,,,,,,
,,,,,,,,,,,,,,,,,
,,,,,,,,,,,,,,,,,
,,,,,,,,,,,,,,,,,
,,,,,,,,,,,,,,,,,
,,,,,,,,,,,,,,,,,
,,,,,,,,,,,,,,,,,
,,,,,,,,,,,,,,,,,
,,,,,,,,,,,,,,,,,
,,,,,,,,,,,,,,,,,
,,,,,,,,,,,,,,,,,
,,,,,,,,,,,,,,,,,
,,,,,,,,,,,,,,,,,
,,,,,,,,,,,,,,,,,
,,,,,,,,,,,,,,,,,
,,,,,,,,,,,,,,,,,
,,,,,,,,,,,,,,,,,
,,,,,,,,,,,,,,,,,
,,,,,,,,,,,,,,,,,
,,,,,,,,,,,,,,,,,
,,,,,,,,,,,,,,,,,
,,,,,,,,,,,,,,,,,
,,,,,,,,,,,,,,,,,
,,,,,,,,,,,,,,,,,
,,,,,,,,,,,,,,,,,
,,,,,,,,,,,,,,,,,
,,,,,,,,,,,,,,,,,
,,,,,,,,,,,,,,,,,
,,,,,,,,,,,,,,,,,
,,,,,,,,,,,,,,,,,
,,,,,,,,,,,,,,,,,
,,,,,,,,,,,,,,,,,
,,,,,,,,,,,,,,,,,
,,,,,,,,,,,,,,,,,
,,,,,,,,,,,,,,,,,
,,,,,,,,,,,,,,,,,
,,,,,,,,,,,,,,,,,
,,,,,,,,,,,,,,,,,
,,,,,,,,,,,,,,,,,
,,,,,,,,,,,,,,,,,
,,,,,,,,,,,,,,,,,
,,,,,,,,,,,,,,,,,
,,,,,,,,,,,,,,,,,
,,,,,,,,,,,,,,,,,
,,,,,,,,,,,,,,,,,
,,,,,,,,,,,,,,,,,
,,,,,,,,,,,,,,,,,
,,,,,,,,,,,,,,,,,
,,,,,,,,,,,,,,,,,
,,,,,,,,,,,,,,,,,
,,,,,,,,,,,,,,,,,
,,,,,,,,,,,,,,,,,
,,,,,,,,,,,,,,,,,
,,,,,,,,,,,,,,,,,
,,,,,,,,,,,,,,,,,
,,,,,,,,,,,,,,,,,
,,,,,,,,,,,,,,,,,
,,,,,,,,,,,,,,,,,
,,,,,,,,,,,,,,,,,
,,,,,,,,,,,,,,,,,
,,,,,,,,,,,,,,,,,
,,,,,,,,,,,,,,,,,
,,,,,,,,,,,,,,,,,
,,,,,,,,,,,,,,,,,
,,,,,,,,,,,,,,,,,
,,,,,,,,,,,,,,,,,
,,,,,,,,,,,,,,,,,
,,,,,,,,,,,,,,,,,
,,,,,,,,,,,,,,,,,
,,,,,,,,,,,,,,,,,
,,,,,,,,,,,,,,,,,
,,,,,,,,,,,,,,,,,
,,,,,,,,,,,,,,,,,
,,,,,,,,,,,,,,,,,
,,,,,,,,,,,,,,,,,
,,,,,,,,,,,,,,,,,
,,,,,,,,,,,,,,,,,
,,,,,,,,,,,,,,,,,
,,,,,,,,,,,,,,,,,
,,,,,,,,,,,,,,,,,
,,,,,,,,,,,,,,,,,
,,,,,,,,,,,,,,,,,
,,,,,,,,,,,,,,,,,
,,,,,,,,,,,,,,,,,
,,,,,,,,,,,,,,,,,
,,,,,,,,,,,,,,,,,
,,,,,,,,,,,,,,,,,
,,,,,,,,,,,,,,,,,
,,,,,,,,,,,,,,,,,
,,,,,,,,,,,,,,,,,
,,,,,,,,,,,,,,,,,
,,,,,,,,,,,,,,,,,
,,,,,,,,,,,,,,,,,
,,,,,,,,,,,,,,,,,
,,,,,,,,,,,,,,,,,
,,,,,,,,,,,,,,,,,
,,,,,,,,,,,,,,,,,
,,,,,,,,,,,,,,,,,
,,,,,,,,,,,,,,,,,
,,,,,,,,,,,,,,,,,
,,,,,,,,,,,,,,,,,
,,,,,,,,,,,,,,,,,
,,,,,,,,,,,,,,,,,
,,,,,,,,,,,,,,,,,
,,,,,,,,,,,,,,,,,
,,,,,,,,,,,,,,,,,
,,,,,,,,,,,,,,,,,
,,,,,,,,,,,,,,,,,
,,,,,,,,,,,,,,,,,
,,,,,,,,,,,,,,,,,
,,,,,,,,,,,,,,,,,
,,,,,,,,,,,,,,,,,
,,,,,,,,,,,,,,,,,
,,,,,,,,,,,,,,,,,
,,,,,,,,,,,,,,,,,
,,,,,,,,,,,,,,,,,
,,,,,,,,,,,,,,,,,
,,,,,,,,,,,,,,,,,
,,,,,,,,,,,,,,,,,
,,,,,,,,,,,,,,,,,
,,,,,,,,,,,,,,,,,
,,,,,,,,,,,,,,,,,
,,,,,,,,,,,,,,,,,
,,,,,,,,,,,,,,,,,
,,,,,,,,,,,,,,,,,
,,,,,,,,,,,,,,,,,
,,,,,,,,,,,,,,,,,
,,,,,,,,,,,,,,,,,
,,,,,,,,,,,,,,,,,
,,,,,,,,,,,,,,,,,
,,,,,,,,,,,,,,,,,
,,,,,,,,,,,,,,,,,
,,,,,,,,,,,,,,,,,
,,,,,,,,,,,,,,,,,
,,,,,,,,,,,,,,,,,
,,,,,,,,,,,,,,,,,
,,,,,,,,,,,,,,,,,
,,,,,,,,,,,,,,,,,
,,,,,,,,,,,,,,,,,
,,,,,,,,,,,,,,,,,
,,,,,,,,,,,,,,,,,
,,,,,,,,,,,,,,,,,
,,,,,,,,,,,,,,,,,
,,,,,,,,,,,,,,,,,
,,,,,,,,,,,,,,,,,
,,,,,,,,,,,,,,,,,
,,,,,,,,,,,,,,,,,
,,,,,,,,,,,,,,,,,
,,,,,,,,,,,,,,,,,
,,,,,,,,,,,,,,,,,
,,,,,,,,,,,,,,,,,
,,,,,,,,,,,,,,,,,
,,,,,,,,,,,,,,,,,
,,,,,,,,,,,,,,,,,
,,,,,,,,,,,,,,,,,
,,,,,,,,,,,,,,,,,
,,,,,,,,,,,,,,,,,
,,,,,,,,,,,,,,,,,
,,,,,,,,,,,,,,,,,
,,,,,,,,,,,,,,,,,
,,,,,,,,,,,,,,,,,
,,,,,,,,,,,,,,,,,
,,,,,,,,,,,,,,,,,
,,,,,,,,,,,,,,,,,
,,,,,,,,,,,,,,,,,
,,,,,,,,,,,,,,,,,
,,,,,,,,,,,,,,,,,
,,,,,,,,,,,,,,,,,
,,,,,,,,,,,,,,,,,
,,,,,,,,,,,,,,,,,
,,,,,,,,,,,,,,,,,
,,,,,,,,,,,,,,,,,
,,,,,,,,,,,,,,,,,
,,,,,,,,,,,,,,,,,
,,,,,,,,,,,,,,,,,
,,,,,,,,,,,,,,,,,
,,,,,,,,,,,,,,,,,
,,,,,,,,,,,,,,,,,
,,,,,,,,,,,,,,,,,
,,,,,,,,,,,,,,,,,
,,,,,,,,,,,,,,,,,
,,,,,,,,,,,,,,,,,
,,,,,,,,,,,,,,,,,
,,,,,,,,,,,,,,,,,
,,,,,,,,,,,,,,,,,
,,,,,,,,,,,,,,,,,
,,,,,,,,,,,,,,,,,
,,,,,,,,,,,,,,,,,
,,,,,,,,,,,,,,,,,
,,,,,,,,,,,,,,,,,
,,,,,,,,,,,,,,,,,
,,,,,,,,,,,,,,,,,
,,,,,,,,,,,,,,,,,
,,,,,,,,,,,,,,,,,
,,,,,,,,,,,,,,,,,
,,,,,,,,,,,,,,,,,
,,,,,,,,,,,,,,,,,
,,,,,,,,,,,,,,,,,
,,,,,,,,,,,,,,,,,
,,,,,,,,,,,,,,,,,
,,,,,,,,,,,,,,,,,
,,,,,,,,,,,,,,,,,
,,,,,,,,,,,,,,,,,
,,,,,,,,,,,,,,,,,
,,,,,,,,,,,,,,,,,
,,,,,,,,,,,,,,,,,
,,,,,,,,,,,,,,,,,
,,,,,,,,,,,,,,,,,
,,,,,,,,,,,,,,,,,
,,,,,,,,,,,,,,,,,
,,,,,,,,,,,,,,,,,
,,,,,,,,,,,,,,,,,
,,,,,,,,,,,,,,,,,
,,,,,,,,,,,,,,,,,
,,,,,,,,,,,,,,,,,
,,,,,,,,,,,,,,,,,
,,,,,,,,,,,,,,,,,
,,,,,,,,,,,,,,,,,
,,,,,,,,,,,,,,,,,
,,,,,,,,,,,,,,,,,
,,,,,,,,,,,,,,,,,
,,,,,,,,,,,,,,,,,
,,,,,,,,,,,,,,,,,
,,,,,,,,,,,,,,,,,
,,,,,,,,,,,,,,,,,
,,,,,,,,,,,,,,,,,
,,,,,,,,,,,,,,,,,
,,,,,,,,,,,,,,,,,
,,,,,,,,,,,,,,,,,
,,,,,,,,,,,,,,,,,
,,,,,,,,,,,,,,,,,
,,,,,,,,,,,,,,,,,
,,,,,,,,,,,,,,,,,
,,,,,,,,,,,,,,,,,
,,,,,,,,,,,,,,,,,
,,,,,,,,,,,,,,,,,
,,,,,,,,,,,,,,,,,
,,,,,,,,,,,,,,,,,
,,,,,,,,,,,,,,,,,
,,,,,,,,,,,,,,,,,
,,,,,,,,,,,,,,,,,
,,,,,,,,,,,,,,,,,
,,,,,,,,,,,,,,,,,
,,,,,,,,,,,,,,,,,
,,,,,,,,,,,,,,,,,
,,,,,,,,,,,,,,,,,
,,,,,,,,,,,,,,,,,
,,,,,,,,,,,,,,,,,
,,,,,,,,,,,,,,,,,
,,,,,,,,,,,,,,,,,
,,,,,,,,,,,,,,,,,
,,,,,,,,,,,,,,,,,
,,,,,,,,,,,,,,,,,
,,,,,,,,,,,,,,,,,
,,,,,,,,,,,,,,,,,
,,,,,,,,,,,,,,,,,
,,,,,,,,,,,,,,,,,
,,,,,,,,,,,,,,,,,
,,,,,,,,,,,,,,,,,
,,,,,,,,,,,,,,,,,
,,,,,,,,,,,,,,,,,
,,,,,,,,,,,,,,,,,
,,,,,,,,,,,,,,,,,
,,,,,,,,,,,,,,,,,
,,,,,,,,,,,,,,,,,
,,,,,,,,,,,,,,,,,
,,,,,,,,,,,,,,,,,
,,,,,,,,,,,,,,,,,
,,,,,,,,,,,,,,,,,
,,,,,,,,,,,,,,,,,
,,,,,,,,,,,,,,,,,
,,,,,,,,,,,,,,,,,
,,,,,,,,,,,,,,,,,
,,,,,,,,,,,,,,,,,
,,,,,,,,,,,,,,,,,
,,,,,,,,,,,,,,,,,
,,,,,,,,,,,,,,,,,
,,,,,,,,,,,,,,,,,
,,,,,,,,,,,,,,,,,
,,,,,,,,,,,,,,,,,
,,,,,,,,,,,,,,,,,
,,,,,,,,,,,,,,,,,
,,,,,,,,,,,,,,,,,
,,,,,,,,,,,,,,,,,
,,,,,,,,,,,,,,,,,
,,,,,,,,,,,,,,,,,
,,,,,,,,,,,,,,,,,
,,,,,,,,,,,,,,,,,
,,,,,,,,,,,,,,,,,
,,,,,,,,,,,,,,,,,
,,,,,,,,,,,,,,,,,
,,,,,,,,,,,,,,,,,
,,,,,,,,,,,,,,,,,
,,,,,,,,,,,,,,,,,
,,,,,,,,,,,,,,,,,
,,,,,,,,,,,,,,,,,
,,,,,,,,,,,,,,,,,
,,,,,,,,,,,,,,,,,
,,,,,,,,,,,,,,,,,
,,,,,,,,,,,,,,,,,
,,,,,,,,,,,,,,,,,
,,,,,,,,,,,,,,,,,
,,,,,,,,,,,,,,,,,
,,,,,,,,,,,,,,,,,
,,,,,,,,,,,,,,,,,
,,,,,,,,,,,,,,,,,
,,,,,,,,,,,,,,,,,
,,,,,,,,,,,,,,,,,
,,,,,,,,,,,,,,,,,
,,,,,,,,,,,,,,,,,
,,,,,,,,,,,,,,,,,
,,,,,,,,,,,,,,,,,
,,,,,,,,,,,,,,,,,
,,,,,,,,,,,,,,,,,
,,,,,,,,,,,,,,,,,
,,,,,,,,,,,,,,,,,
,,,,,,,,,,,,,,,,,
,,,,,,,,,,,,,,,,,
,,,,,,,,,,,,,,,,,
,,,,,,,,,,,,,,,,,
,,,,,,,,,,,,,,,,,
,,,,,,,,,,,,,,,,,
,,,,,,,,,,,,,,,,,
,,,,,,,,,,,,,,,,,
,,,,,,,,,,,,,,,,,
,,,,,,,,,,,,,,,,,
,,,,,,,,,,,,,,,,,
,,,,,,,,,,,,,,,,,
,,,,,,,,,,,,,,,,,
,,,,,,,,,,,,,,,,,
,,,,,,,,,,,,,,,,,
,,,,,,,,,,,,,,,,,
,,,,,,,,,,,,,,,,,
,,,,,,,,,,,,,,,,,
,,,,,,,,,,,,,,,,,
,,,,,,,,,,,,,,,,,
,,,,,,,,,,,,,,,,,
,,,,,,,,,,,,,,,,,
,,,,,,,,,,,,,,,,,
,,,,,,,,,,,,,,,,,
,,,,,,,,,,,,,,,,,
,,,,,,,,,,,,,,,,,
,,,,,,,,,,,,,,,,,
,,,,,,,,,,,,,,,,,
,,,,,,,,,,,,,,,,,
,,,,,,,,,,,,,,,,,
,,,,,,,,,,,,,,,,,
,,,,,,,,,,,,,,,,,
,,,,,,,,,,,,,,,,,
,,,,,,,,,,,,,,,,,