Semester Taken,ID,Mathrecommendation,Adjusted Score,Raw Score
SP2019,   3baa2add,   MATH112,,7
SP2019,   3bab417f,   MATH112,,14
SP2019,   3bac11db,   MATH112,,14
SP2019,   3fcc7dcd,   MATH112,,20
SP2019,   3fd7c6bf,   MATH112,,11
SP2019,   3fd7ef2d,   MATH112,,16
SP2019,   3fda3607,   MATH112,,14
SP2019,   3fdb4033,   MATH112,,15
SP2019,   3fdc66e3,   MATH115,,20
SP2022,   3fdc873b,   MATH120,,31
SP2019,   3fdc9f73,   MATH115,,19
SP2019,   3fdca207,   MATH120,,32
SP2019,   3fdddebf,   MATH120,,27
SP2019,   3fddf3af,   MATH120,,26
SP2019,   3fde4e31,   MATH120,,27
SP2019,   3fde5935,   MATH115,,17
SP2019,   3fdf3a99,   MATH115,,24
SP2024,   3fdf99d5,   MATH112,,2
SP2030,   3fdf99d5,   MATH112,,5
SP2019,   3fe05627,   MATH120,,26
SP2019,   3fe078f5,   MATH120,,27
SP2019,   3fe08313,   MATH120,,31
SP2019,   3fe0aaaf,   MATH120,,27
SP2019,   3fe0bbcb,   MATH120,,33
SP2019,   3fe25a21,   MATH120,,30
SP2019,   3fe2c173,   MATH112,,13
SP2019,   3fe44ddb,   MATH115,,23
SP2019,   3fe46edd,   MATH120,,23
SP2019,   3fe4e093,   MATH120,,31
SP2019,   3fe51239,   MATH115,,15
SP2019,   3fe54439,   MATH115,,8
SP2019,   3fe54439,   MATH115,,14
SP2019,   3fe590c9,   MATH112,,22
SP2019,   3fe59cef,   MATH120,,35
SP2019,   3fe6766f,   MATH120,,30
SP2019,   3fe6814b,   MATH120,,31
SP2019,   3fe688cb,   MATH120,,27
SP2019,   3fe72551,   MATH112,,19
SP2019,   3fe725f1,   MATH120,,27
SP2019,   3fe7541d,   MATH115,,22
SP2019,   3fe7d055,   MATH120,,30
SP2019,   3fe7d361,   MATH115,,21
SP2019,   3fe8a31d,   MATH115,,21
SP2019,   3fe8f0c5,   MATH120,,30
SP2019,   3fe8fd59,   MATH112,,18
SP2019,   3fe976d5,   MATH120,,24
SP2019,   3fe9e2ff,   MATH120,,32
SP2019,   3fea3b65,   MATH120,,31
SP2019,   3fea7323,   MATH115,,24
SP2019,   3fea7323,   MATH115,,23
SP2019,   3fea7323,   MATH120,,27
SP2019,   3fea7959,   MATH120,,29
SP2019,   3fea8345,   MATH120,,30
SP2019,   3fea84fd,   MATH120,,36
SP2019,   3fea851b,   MATH120,,28
SP2019,   3fea8903,   MATH112,,17
SP2019,   3fea99c5,   MATH115,,12
SP2019,   3fea9ec5,   MATH115,,21
SP2019,   3fea9f3d,   MATH120,,23
SP2019,   3feaae01,   MATH120,,34
SP2019,   3feab653,   MATH112,,19
SP2019,   3feabf81,   MATH112,,15
SP2019,   3feaefb5,   MATH115,,15
SP2019,   3feaf447,   MATH115,,24
SP2019,   3feb1c33,   MATH115,,25
SP2019,   3feb1ffd,   MATH120,,28
SP2019,   3feb38ad,   MATH120,,23
SP2019,   3feb3bff,   MATH120,,31
SP2019,   3feb466d,   MATH120,,26
SP2019,   3feb4e65,   MATH112,,11
SP2019,   3feb5711,   MATH115,,22
SP2019,   3feb6c65,   MATH112,,21
SP2019,   3febaa09,   MATH120,,28
SP2019,   3febbafd,   MATH112,,17
SP2019,   3febbb39,   MATH112,,17
SP2019,   3febc8e5,   MATH120,,26
SP2019,   3febc9a3,   MATH115,,18
SP2019,   3febc9a3,   MATH115,,18
SP2019,   3febde39,   MATH120,,26
SP2019,   3febf4cd,   MATH120,,28
SP2019,   3febfd65,   MATH120,,32
SP2019,   3fec30cd,   MATH120,,33
SP2019,   3fec47bb,   MATH120,,24
SP2019,   3fec55ad,   MATH115,,21
SP2019,   3fec6769,   MATH115,,19
SP2019,   3fec8825,   MATH115,,18
SP2019,   3fec8f23,   MATH120,,25
SP2019,   3fec99eb,   MATH112,,10
SP2019,   3fecb075,   MATH112,,14
SP2019,   3fecd8b1,   MATH115,,24
SP2019,   3fecd8b1,   MATH120,,26
SP2019,   3fecdb31,   MATH115,,16
SP2019,   3fed0043,   MATH112,,24
SP2019,   3fed0863,   MATH115,,20
SP2019,   3fed093f,   MATH120,,29
SP2019,   3fed1cef,   MATH120,,23
SP2019,   3fed1e75,   MATH115,,19
SP2019,   3fed28b1,   MATH120,,27
SP2019,   3fed30ef,   MATH115,,18
SP2019,   3fed349b,   MATH112,,22
SP2019,   3fed536d,   MATH120,,26
SP2019,   3fed536d,   MATH120,,30
SP2019,   3fed5d59,   MATH120,,24
SP2019,   3fed82cf,   MATH115,,16
SP2019,   3fed9daf,   MATH115,,20
SP2019,   3fed9daf,   MATH115,,13
SP2019,   3fedb1c3,   MATH120,,26
SP2019,   3fedccf3,   MATH120,,35
SP2019,   3feddb85,   MATH120,,30
SP2019,   3fee04e3,   MATH120,,28
SP2019,   3fee1555,   MATH115,,22
SP2019,   3fee2491,   MATH112,,16
SP2019,   3fee3ef9,   MATH112,,17
SP2019,   3fee574f,   MATH120,,23
SP2019,   3fee6235,   MATH112,,22
SP2019,   3fee84bd,   MATH115,,20
SP2019,   3fee8837,   MATH115,,4
SP2019,   3fee934f,   MATH112,,15
SP2019,   3fee9f11,   MATH112,,11
SP2019,   3feea411,   MATH120,,25
SP2019,   3feea493,   MATH120,,26
SP2029,   3feeb13b,   MATH112,,9
SP2019,   3feed477,   MATH120,,34
SP2019,   3feee5a7,   MATH112,,7
SP2019,   3fef249f,   MATH112,,22
SP2019,   3fef249f,   MATH112,,22
SP2019,   3fef42b3,   MATH120,,25
SP2019,   3fef4687,   MATH115,,12
SP2019,   3fef5465,   MATH112,,19
SP2019,   3fef5965,   MATH115,,16
SP2019,   3fef63bf,   MATH120,,29
SP2021,   3fefe6a5,   MATH120,,32
SP2026,   3feffd7f,   MATH112,,12
SP2019,   3ff0a7d9,   MATH120,,32
SP2019,   3ff101ed,   MATH112,,20
SP2019,   3ff14f31,   MATH112,,19
SP2019,   3ff23419,   MATH120,,25
SP2019,   3ff23437,   MATH115,,22
SP2019,   3ff23725,   MATH120,,35
SP2019,   3ff2511f,   MATH120,,29
SP2019,   3ff25165,   MATH120,,33
SP2019,   3ff251a1,   MATH115,,21
SP2019,   3ff251ab,   MATH120,,27
SP2019,   3ff25287,   MATH120,,28
SP2019,   3ff264c5,   MATH120,,32
SP2019,   3ff26dcb,   MATH120,,29
SP2019,   3ff2704b,   MATH120,,29
SP2019,   3ff271d1,   MATH120,,34
SP2019,   3ff2734d,   MATH120,,28
SP2019,   3ff274dd,   MATH120,,28
SP2019,   3ff274fb,   MATH120,,26
SP2019,   3ff2750f,   MATH115,,21
SP2019,   3ff27519,   MATH120,,34
SP2019,   3ff27555,   MATH120,,32
SP2019,   3ff275eb,   MATH112,,18
SP2019,   3ff27627,   MATH120,,26
SP2019,   3ff27627,   MATH120,,26
SP2019,   3ff277df,   MATH112,,11
SP2019,   3ff2784d,   MATH120,,36
SP2019,   3ff27861,   MATH120,,33
SP2019,   3ff2786b,   MATH120,,24
SP2019,   3ff27acd,   MATH120,,25
SP2019,   3ff27aeb,   MATH112,,11
SP2019,   3ff27b27,   MATH115,,17
SP2019,   3ff27b63,   MATH112,,14
SP2019,   3ff27b6d,   MATH120,,32
SP2019,   3ff27c49,   MATH112,,22
SP2019,   3ff27c7b,   MATH112,,21
SP2019,   3ff27d2f,   MATH120,,26
SP2019,   3ff27ed3,   MATH120,,28
SP2019,   3ff27efb,   MATH120,,26
SP2019,   3ff27f23,   MATH112,,19
SP2019,   3ff27f73,   MATH115,,19
SP2019,   3ff28045,   MATH112,,10
SP2019,   3ff28045,   MATH112,,10
SP2019,   3ff2849b,   MATH115,,19
SP2019,   3ff284ff,   MATH112,,22
SP2019,   3ff285b3,   MATH115,,21
SP2019,   3ff285b3,   MATH115,,21
SP2019,   3ff28707,   MATH120,,34
SP2019,   3ff28707,   MATH120,,34
SP2019,   3ff2872f,   MATH115,,18
SP2019,   3ff28739,   MATH120,,28
SP2019,   3ff28743,   MATH120,,27
SP2019,   3ff2879d,   MATH112,,16
SP2019,   3ff287b1,   MATH120,,36
SP2019,   3ff2885b,   MATH120,,35
SP2019,   3ff28ad1,   MATH120,,31
SP2019,   3ff28b7b,   MATH120,,33
SP2019,   3ff28b8f,   MATH120,,26
SP2019,   3ff28c61,   MATH120,,28
SP2019,   3ff28d3d,   MATH120,,28
SP2019,   3ff28f63,   MATH120,,31
SP2019,   3ff2902b,   MATH120,,24
SP2019,   3ff291e3,   MATH120,,28
SP2019,   3ff292f1,   MATH115,,21
SP2019,   3ff292fb,   MATH112,,17
SP2019,   3ff2946d,   MATH120,,28
SP2019,   3ff29481,   MATH120,,28
SP2019,   3ff2953f,   MATH115,,23
SP2019,   3ff29599,   MATH112,,19
SP2019,   3ff29797,   MATH120,,30
SP2019,   3ff29aa3,   MATH112,,20
SP2019,   3ff29b25,   MATH120,,32
SP2019,   3ff29bbb,   MATH115,,13
SP2019,   3ff29ca1,   MATH120,,29
SP2019,   3ff29dc3,   MATH115,,25
SP2019,   3ff2a06b,   MATH112,,10
SP2019,   3ff2a06b,   MATH112,,10
SP2019,   3ff2a101,   MATH120,,25
SP2019,   3ff2a10b,   MATH112,,16
SP2019,   3ff2a593,   MATH115,,22
SP2019,   3ff2a827,   MATH120,,32
SP2019,   3ff2a877,   MATH112,,20
SP2019,   3ff2a8ef,   MATH112,,19
SP2019,   3ff2a90d,   MATH115,,24
SP2019,   3ff2a9b7,   MATH115,,19
SP2019,   3ff2a9cb,   MATH120,,36
SP2019,   3ff2a9fd,   MATH120,,25
SP2019,   3ff2aacf,   MATH120,,28
SP2019,   3ff2ab5b,   MATH120,,25
SP2019,   3ff2ac69,   MATH115,,15
SP2019,   3ff2ad4f,   MATH115,,12
SP2019,   3ff2b2c7,   MATH112,,16
SP2019,   3ff2b3f3,   MATH112,,15
SP2019,   3ff2b4bb,   MATH115,,21
SP2019,   3ff2b62d,   MATH112,,22
SP2019,   3ff2b8a3,   MATH115,,19
SP2019,   3ff2b9d9,   MATH115,,20
SP2019,   3ff2ba83,   MATH120,,31
SP2019,   3ff2baa1,   MATH120,,30
SP2019,   3ff2bc59,   MATH120,,35
SP2019,   3ff2bd2b,   MATH115,,22
SP2019,   3ff2be2f,   MATH120,,26
SP2019,   3ff2c00f,   MATH120,,25
SP2019,   3ff2c11d,   MATH115,,15
SP2019,   3ff2c3b1,   MATH115,,25
SP2019,   3ff2c3bb,   MATH112,,19
SP2019,   3ff2c5c3,   MATH112,,19
SP2019,   3ff2c767,   MATH120,,35
SP2019,   3ff2c839,   MATH115,,20
SP2019,   3ff2c95b,   MATH120,,29
SP2019,   3ff2c9ab,   MATH112,,16
SP2019,   3ff2c9c9,   MATH115,,9
SP2019,   3ff2ca7d,   MATH120,,34
SP2019,   3ff2cc99,   MATH120,,31
SP2019,   3ff2ce65,   MATH120,,23
SP2019,   3ff2cee7,   MATH115,,18
SP2019,   3ff2cf0f,   MATH112,,17
SP2019,   3ff2cf7d,   MATH120,,24
SP2019,   3ff2d1ad,   MATH120,,28
SP2019,   3ff2d1ad,   MATH120,,30
SP2019,   3ff2d2cf,   MATH115,,9
SP2019,   3ff2d30b,   MATH120,,28
SP2019,   3ff2d329,   MATH120,,28
SP2019,   3ff2d333,   MATH120,,23
SP2019,   3ff2d3b5,   MATH112,,20
SP2019,   3ff2d3c9,   MATH120,,32
SP2019,   3ff2d405,   MATH120,,36
SP2019,   3ff2d40f,   MATH120,,28
SP2019,   3ff2d42d,   MATH120,,34
SP2019,   3ff2d487,   MATH120,,26
SP2019,   3ff2d4c3,   MATH115,,15
SP2019,   3ff2d56d,   MATH120,,31
SP2019,   3ff2d577,   MATH120,,31
SP2019,   3ff2d5ef,   MATH120,,28
SP2019,   3ff2d699,   MATH120,,26
SP2019,   3ff2d6c1,   MATH120,,36
SP2019,   3ff2d739,   MATH112,,19
SP2019,   3ff2d76b,   MATH112,,21
SP2019,   3ff2d9ff,   MATH120,,29
SP2019,   3ff2da3b,   MATH115,,20
SP2019,   3ff2db2b,   MATH112,,17
SP2019,   3ff2dc7f,   MATH120,,30
SP2019,   3ff2dd51,   MATH115,,20
SP2019,   3ff2dd6f,   MATH115,,16
SP2019,   3ff2dde7,   MATH115,,17
SP2019,   3ff2de73,   MATH120,,29
SP2019,   3ff2df45,   MATH120,,29
SP2019,   3ff2e1e3,   MATH115,,22
SP2019,   3ff2e1f7,   MATH120,,34
SP2019,   3ff2e21f,   MATH120,,29
SP2019,   3ff2e39b,   MATH120,,27
SP2019,   3ff2e41d,   MATH112,,18
SP2019,   3ff2e4e5,   MATH115,,20
SP2019,   3ff2e729,   MATH115,,25
SP2019,   3ff2e7bf,   MATH115,,4
SP2019,   3ff2eb2f,   MATH120,,30
SP2019,   3ff2ebc5,   MATH112,,15
SP2019,   3ff2ec1f,   MATH120,,26
SP2019,   3ff2ec3d,   MATH112,,12
SP2019,   3ff2ec5b,   MATH112,,16
SP2019,   3ff2ed0f,   MATH120,,26
SP2019,   3ff2ed2d,   MATH120,,24
SP2019,   3ff2edaf,   MATH115,,17
SP2019,   3ff2edf5,   MATH115,,12
SP2019,   3ff2ee1d,   MATH120,,28
SP2019,   3ff2f31d,   MATH120,,33
SP2019,   3ff2f395,   MATH112,,17
SP2019,   3ff2f3bd,   MATH115,,14
SP2019,   3ff2f4c1,   MATH120,,30
SP2019,   3ff2f5d9,   MATH120,,35
SP2019,   3ff2f6a1,   MATH120,,35
SP2019,   3ff2f6c9,   MATH120,,32
SP2019,   3ff2f741,   MATH120,,28
SP2019,   3ff2f773,   MATH120,,23
SP2019,   3ff2f7ff,   MATH120,,25
SP2019,   3ff2f827,   MATH120,,28
SP2019,   3ff2f84f,   MATH112,,19
SP2019,   3ff2f8ef,   MATH115,,24
SP2019,   3ff2f93f,   MATH115,,15
SP2019,   3ff2f949,   MATH115,,6
SP2019,   3ff2f949,   MATH115,,7
SP2019,   3ff2f9fd,   MATH115,,16
SP2019,   3ff2fbfb,   MATH120,,33
SP2020,   3ff2fc41,   MATH120,,29
SP2019,   3ff2fc5f,   MATH112,,22
SP2019,   3ff2fd63,   MATH115,,18
SP2019,   3ff2fd77,   MATH115,,22
SP2019,   3ff2fe3f,   MATH112,,19
SP2019,   3ff2feb7,   MATH120,,30
SP2019,   3ff2ff11,   MATH120,,25
SP2019,   3ff2ff61,   MATH120,,25
SP2019,   3ff2ff61,   MATH120,,28
SP2019,   3ff2ff6b,   MATH112,,16
SP2019,   3ff2ff75,   MATH115,,20
SP2019,   3ff2ffe3,   MATH115,,23
SP2019,   3ff30015,   MATH115,,17
SP2019,   3ff300b5,   MATH112,,15
SP2019,   3ff30119,   MATH115,,21
SP2019,   3ff301af,   MATH120,,23
SP2019,   3ff301af,   MATH120,,23
SP2019,   3ff301af,   MATH120,,23
SP2019,   3ff301e1,   MATH120,,32
SP2019,   3ff3024f,   MATH115,,16
SP2019,   3ff3026d,   MATH120,,29
SP2019,   3ff3029f,   MATH112,,13
SP2019,   3ff302a9,   MATH120,,24
SP2019,   3ff30321,   MATH120,,31
SP2019,   3ff30367,   MATH115,,23
SP2019,   3ff303b7,   MATH120,,24
SP2019,   3ff303d5,   MATH115,,24
SP2019,   3ff3042f,   MATH120,,33
SP2019,   3ff30439,   MATH120,,30
SP2019,   3ff30461,   MATH115,,23
SP2019,   3ff305b5,   MATH120,,30
SP2019,   3ff3060f,   MATH112,,15
SP2019,   3ff30673,   MATH115,,20
SP2019,   3ff30673,   MATH115,,18
SP2019,   3ff306d7,   MATH120,,25
SP2019,   3ff306d7,   MATH120,,25
SP2019,   3ff308fd,   MATH120,,27
SP2019,   3ff30add,   MATH112,,8
SP2019,   3ff30afb,   MATH120,,33
SP2019,   3ff30b23,   MATH112,,21
SP2019,   3ff30beb,   MATH112,,12
SP2019,   3ff30d85,   MATH112,,15
SP2019,   3ff30e75,   MATH115,,14
SP2019,   3ff30e93,   MATH120,,26
SP2019,   3ff314b5,   MATH112,,10
SP2019,   3ff314fb,   MATH115,,24
SP2019,   3ff31631,   MATH120,,33
SP2019,   3ff31735,   MATH120,,35
SP2019,   3ff317c1,   MATH120,,24
SP2019,   3ff317d5,   MATH120,,32
SP2019,   3ff3191f,   MATH112,,14
SP2019,   3ff31a69,   MATH115,,18
SP2019,   3ff31af5,   MATH120,,36
SP2019,   3ff31b1d,   MATH120,,36
SP2019,   3ff31bdb,   MATH112,,17
SP2019,   3ff31ccb,   MATH112,,21
SP2019,   3ff31ce9,   MATH120,,29
SP2019,   3ff31d6b,   MATH120,,27
SP2019,   3ff31e15,   MATH120,,31
SP2019,   3ff31fc3,   MATH115,,14
SP2019,   3ff32045,   MATH112,,18
SP2019,   3ff320e5,   MATH115,,25
SP2019,   3ff3213f,   MATH120,,27
SP2019,   3ff32185,   MATH120,,28
SP2019,   3ff32211,   MATH120,,30
SP2019,   3ff322b1,   MATH120,,30
SP2019,   3ff3235b,   MATH120,,36
SP2019,   3ff3244b,   MATH120,,34
SP2019,   3ff324eb,   MATH120,,23
SP2019,   3ff325b3,   MATH115,,19
SP2019,   3ff32603,   MATH112,,20
SP2019,   3ff3262b,   MATH112,,13
SP2019,   3ff32685,   MATH120,,23
SP2019,   3ff327c5,   MATH120,,30
SP2019,   3ff327e3,   MATH120,,27
SP2019,   3ff328d3,   MATH115,,20
SP2019,   3ff32b3f,   MATH120,,36
SP2019,   3ff32be9,   MATH120,,29
SP2019,   3ff32be9,   MATH120,,29
SP2019,   3ff32be9,   MATH120,,29
SP2019,   3ff32c57,   MATH120,,30
SP2019,   3ff32c6b,   MATH120,,35
SP2019,   3ff32cd9,   MATH115,,23
SP2019,   3ff32d51,   MATH112,,21
SP2019,   3ff32d6f,   MATH120,,25
SP2019,   3ff32d83,   MATH120,,26
SP2019,   3ff32dab,   MATH112,,22
SP2019,   3ff32e0f,   MATH115,,11
SP2019,   3ff32f3b,   MATH115,,19
SP2019,   3ff33125,   MATH120,,23
SP2019,   3ff3332d,   MATH120,,24
SP2019,   3ff335a3,   MATH120,,29
SP2019,   3ff33661,   MATH112,,17
SP2019,   3ff337fb,   MATH120,,26
SP2019,   3ff3396d,   MATH120,,29
SP2019,   3ff33a85,   MATH120,,27
SP2019,   3ff33b75,   MATH115,,17
SP2019,   3ff33be3,   MATH115,,25
SP2019,   3ff33e13,   MATH120,,28
SP2019,   3ff33ed1,   MATH120,,26
SP2019,   3ff33f71,   MATH112,,10
SP2019,   3ff3410b,   MATH120,,28
SP2019,   3ff341e7,   MATH115,,23
SP2019,   3ff3424b,   MATH115,,22
SP2019,   3ff3425f,   MATH120,,24
SP2019,   3ff34381,   MATH115,,17
SP2019,   3ff344f3,   MATH120,,24
SP2019,   3ff346bf,   MATH115,,23
SP2019,   3ff34723,   MATH120,,28
SP2019,   3ff3497b,   MATH120,,30
SP2019,   3ff34b15,   MATH115,,16
SP2019,   3ff34ca5,   MATH112,,21
SP2019,   3ff34e21,   MATH115,,21
SP2019,   3ff34f39,   MATH115,,19
SP2019,   3ff34f39,   MATH115,,22
SP2019,   3ff34fd9,   MATH120,,27
SP2019,   3ff3500b,   MATH120,,30
SP2019,   3ff35263,   MATH120,,36
SP2019,   3ff352c7,   MATH112,,18
SP2019,   3ff353ad,   MATH112,,20
SP2019,   3ff353ad,   MATH112,,22
SP2019,   3ff353d5,   MATH115,,12
SP2019,   3ff35547,   MATH115,,19
SP2019,   3ff35547,   MATH115,,19
SP2019,   3ff3555b,   MATH120,,32
SP2019,   3ff3560f,   MATH120,,24
SP2019,   3ff356a5,   MATH115,,16
SP2019,   3ff35835,   MATH112,,19
SP2019,   3ff35925,   MATH112,,15
SP2019,   3ff359ed,   MATH120,,34
SP2019,   3ff35a6f,   MATH115,,16
SP2019,   3ff35b19,   MATH120,,29
SP2019,   3ff35b19,   MATH120,,32
SP2019,   3ff35be1,   MATH120,,31
SP2019,   3ff35c27,   MATH120,,27
SP2019,   3ff35dc1,   MATH120,,24
SP2019,   3ff35ef7,   MATH120,,30
SP2019,   3ff35f83,   MATH120,,32
SP2019,   3ff36127,   MATH115,,8
SP2019,   3ff361ef,   MATH112,,22
SP2019,   3ff362fd,   MATH112,,22
SP2019,   3ff36393,   MATH120,,28
SP2019,   3ff36613,   MATH120,,24
SP2019,   3ff36613,   MATH120,,24
SP2019,   3ff3672b,   MATH120,,27
SP2019,   3ff367b7,   MATH112,,10
SP2019,   3ff36a55,   MATH120,,31
SP2019,   3ff36b3b,   MATH120,,29
SP2019,   3ff36b8b,   MATH115,,17
SP2019,   3ff36bdb,   MATH112,,21
SP2019,   3ff36d11,   MATH112,,20
SP2019,   3ff36e6f,   MATH120,,26
SP2019,   3ff37225,   MATH120,,27
SP2019,   3ff372ed,   MATH120,,31
SP2019,   3ff3736f,   MATH120,,32
SP2019,   3ff37423,   MATH115,,19
SP2019,   3ff3747d,   MATH112,,22
SP2019,   3ff37491,   MATH120,,31
SP2019,   3ff37491,   MATH120,,31
SP2019,   3ff374a5,   MATH120,,35
SP2019,   3ff3751d,   MATH120,,24
SP2019,   3ff37801,   MATH115,,19
SP2019,   3ff3795f,   MATH112,,17
SP2019,   3ff3797d,   MATH120,,33
SP2019,   3ff379b9,   MATH120,,25
SP2019,   3ff37a77,   MATH120,,30
SP2019,   3ff37c4d,   MATH120,,25
SP2019,   3ff37c4d,   MATH120,,25
SP2019,   3ff37c89,   MATH112,,13
SP2019,   3ff37eaf,   MATH115,,18
SP2019,   3ff37eeb,   MATH120,,26
SP2019,   3ff37eff,   MATH115,,17
SP2019,   3ff3800d,   MATH112,,19
SP2019,   3ff380a3,   MATH115,,22
SP2019,   3ff380a3,   MATH112,,20
SP2019,   3ff383a5,   MATH120,,26
SP2019,   3ff38693,   MATH115,,13
SP2019,   3ff38747,   MATH120,,26
SP2019,   3ff3884b,   MATH115,,23
SP2019,   3ff3893b,   MATH112,,12
SP2019,   3ff3899f,   MATH120,,29
SP2019,   3ff38a85,   MATH115,,12
SP2019,   3ff38b61,   MATH112,,16
SP2019,   3ff38c5b,   MATH112,,10
SP2019,   3ff38d37,   MATH112,,12
SP2019,   3ff38d55,   MATH115,,16
SP2019,   3ff38f49,   MATH112,,19
SP2019,   3ff38f53,   MATH112,,14
SP2019,   3ff38fd5,   MATH115,,15
SP2019,   3ff38ff3,   MATH115,,19
SP2019,   3ff391a1,   MATH120,,26
SP2019,   3ff3934f,   MATH120,,25
SP2019,   3ff39417,   MATH112,,15
SP2019,   3ff39449,   MATH112,,15
SP2019,   3ff39561,   MATH115,,22
SP2019,   3ff397af,   MATH112,,4
SP2019,   3ff3992b,   MATH120,,31
SP2019,   3ff3995d,   MATH115,,20
SP2019,   3ff399a3,   MATH112,,6
SP2019,   3ff39a07,   MATH112,,11
SP2019,   3ff39ad9,   MATH112,,11
SP2019,   3ff39b29,   MATH112,,21
SP2019,   3ff39dbd,   MATH112,,25
SP2019,   3ff39dbd,   MATH112,,25
SP2019,   3ff39dbd,   MATH112,,25
SP2019,   3ff39e2b,   MATH115,,21
SP2019,   3ff39ead,   MATH120,,35
SP2019,   3ff39fbb,   MATH120,,30
SP2019,   3ff3a06f,   MATH112,,22
SP2019,   3ff3a0a1,   MATH115,,19
SP2019,   3ff3a0c9,   MATH120,,31
SP2019,   3ff3a1e1,   MATH120,,32
SP2019,   3ff3a213,   MATH112,,16
SP2019,   3ff3a2c7,   MATH120,,27
SP2019,   3ff3a32b,   MATH115,,22
SP2019,   3ff3a3b7,   MATH120,,25
SP2019,   3ff3a3e9,   MATH115,,13
SP2019,   3ff3a47f,   MATH120,,28
SP2019,   3ff3a49d,   MATH120,,36
SP2019,   3ff3a501,   MATH112,,22
SP2019,   3ff3a51f,   MATH112,,10
SP2019,   3ff3a533,   MATH112,,17
SP2019,   3ff3a64b,   MATH120,,25
SP2019,   3ff3a669,   MATH115,,21
SP2019,   3ff3a6b9,   MATH112,,21
SP2019,   3ff3a727,   MATH120,,33
SP2019,   3ff3a73b,   MATH120,,29
SP2019,   3ff3a74f,   MATH112,,17
SP2019,   3ff3a80d,   MATH120,,26
SP2019,   3ff3a821,   MATH112,,9
SP2019,   3ff3a85d,   MATH120,,23
SP2019,   3ff3a8b7,   MATH112,,15
SP2019,   3ff3a8c1,   MATH120,,30
SP2019,   3ff3a8df,   MATH120,,31
SP2019,   3ff3a8e9,   MATH115,,25
SP2019,   3ff3a8f3,   MATH112,,18
SP2019,   3ff3aa79,   MATH120,,27
SP2019,   3ff3aa8d,   MATH115,,18
SP2019,   3ff3ab4b,   MATH115,,25
SP2019,   3ff3ab69,   MATH120,,23
SP2019,   3ff3ac45,   MATH115,,19
SP2019,   3ff3ad3f,   MATH120,,25
SP2019,   3ff3ae89,   MATH120,,30
SP2019,   3ff3b31b,   MATH120,,35
SP2019,   3ff3bb27,   MATH120,,31
SP2019,   3ff3d96d,   MATH112,,20
SP2019,   3ff3db25,   MATH112,,20
SP2019,   3ff3f623,   MATH112,,19
SP2019,   3ff40d1b,   MATH115,,23
SP2019,   3ff41347,   MATH120,,29
SP2019,   3ff415e5,   MATH120,,24
SP2019,   3ff429f9,   MATH120,,29
SP2019,   3ff42da5,   MATH112,,9
SP2019,   3ff42e81,   MATH112,,11
SP2019,   3ff42edb,   MATH112,,15
SP2019,   3ff4304d,   MATH112,,19
SP2019,   3ff45b4f,   MATH120,,27
SP2019,   3ff4631f,   MATH112,,13
SP2019,   3ff493e9,   MATH120,,27
SP2019,   3ff495ab,   MATH112,,10
SP2019,   3ff497bd,   MATH120,,31
SP2019,   3ff4980d,   MATH115,,17
SP2019,   3ff49b19,   MATH115,,22
SP2019,   3ff49b4b,   MATH115,,18
SP2019,   3ff49d21,   MATH115,,16
SP2019,   3ff4a023,   MATH120,,32
SP2019,   3ff4a113,   MATH112,,15
SP2019,   3ff4a3cf,   MATH112,,25
SP2019,   3ff4a4e7,   MATH120,,34
SP2019,   3ff4a64f,   MATH112,,18
SP2019,   3ff4a663,   MATH112,,13
SP2019,   3ff4a6e5,   MATH120,,24
SP2019,   3ff4a811,   MATH120,,24
SP2019,   3ff4a843,   MATH115,,25
SP2019,   3ff4aaff,   MATH112,,17
SP2019,   3ff4ad4d,   MATH115,,21
SP2019,   3ff4af23,   MATH115,,17
SP2019,   3ff4af37,   MATH120,,35
SP2019,   3ff4af91,   MATH112,,9
SP2019,   3ff4b3ab,   MATH120,,30
SP2019,   3ff4b3e7,   MATH120,,36
SP2032,   3ff4b469,   MATH120,,26
SP2019,   3ff4b545,   MATH115,,16
SP2019,   3ff4b545,   MATH115,,16
SP2019,   3ff4b545,   MATH115,,16
SP2019,   3ff4b559,   MATH112,,18
SP2019,   3ff4b617,   MATH112,,24
SP2019,   3ff4b6c1,   MATH115,,22
SP2019,   3ff4b883,   MATH120,,31
SP2019,   3ff4b883,   MATH120,,28
SP2019,   3ff4b88d,   MATH120,,29
SP2019,   3ff4b94b,   MATH120,,30
SP2019,   3ff4b9c3,   MATH112,,22
SP2019,   3ff4ba31,   MATH120,,26
SP2019,   3ff4bb3f,   MATH115,,17
SP2019,   3ff4bbc1,   MATH115,,17
SP2019,   3ff4bbcb,   MATH112,,9
SP2019,   3ff4bbe9,   MATH120,,25
SP2019,   3ff4bca7,   MATH112,,20
SP2019,   3ff4bd51,   MATH112,,18
SP2019,   3ff4bf27,   MATH115,,24
SP2019,   3ff4c00d,   MATH112,,13
SP2019,   3ff4c0b7,   MATH112,,22
SP2019,   3ff4c1d9,   MATH112,,22
SP2019,   3ff4c297,   MATH120,,35
SP2019,   3ff4c2a1,   MATH120,,36
SP2019,   3ff4c3a5,   MATH120,,27
SP2019,   3ff4c3af,   MATH115,,24
SP2019,   3ff4c3d7,   MATH112,,18
SP2019,   3ff4c4db,   MATH120,,24
SP2019,   3ff4c517,   MATH112,,8
SP2019,   3ff4c5f3,   MATH112,,21
SP2019,   3ff4c643,   MATH112,,16
SP2019,   3ff4c9ef,   MATH120,,27
SP2019,   3ff4ca49,   MATH112,,12
SP2019,   3ff4ca53,   MATH112,,15
SP2019,   3ff4ca8f,   MATH120,,35
SP2019,   3ff4cba7,   MATH120,,28
SP2019,   3ff4cbb1,   MATH115,,24
SP2019,   3ff4cca1,   MATH120,,28
SP2019,   3ff4ccab,   MATH120,,33
SP2019,   3ff4cd7d,   MATH120,,31
SP2019,   3ff4cda5,   MATH120,,29
SP2019,   3ff4cdcd,   MATH120,,29
SP2019,   3ff4ce1d,   MATH112,,18
SP2019,   3ff4cf67,   MATH120,,33
SP2019,   3ff4d061,   MATH115,,12
SP2019,   3ff4d0a7,   MATH115,,24
SP2019,   3ff4d0e3,   MATH112,,14
SP2019,   3ff4d1fb,   MATH115,,17
SP2019,   3ff4d31d,   MATH112,,20
SP2019,   3ff4d36d,   MATH112,,25
SP2019,   3ff4d39f,   MATH120,,29
SP2019,   3ff4d47b,   MATH115,,6
SP2019,   3ff4d499,   MATH120,,36
SP2019,   3ff4d4d5,   MATH120,,34
SP2019,   3ff4d59d,   MATH112,,20
SP2019,   3ff4d5d9,   MATH115,,16
SP2019,   3ff4d6fb,   MATH112,,16
SP2019,   3ff4d755,   MATH115,,22
SP2019,   3ff4d7eb,   MATH115,,19
SP2019,   3ff4d859,   MATH112,,20
SP2019,   3ff4d90d,   MATH112,,17
SP2019,   3ff4dbf1,   MATH115,,21
SP2019,   3ff4ddd1,   MATH115,,15
SP2019,   3ff4df1b,   MATH112,,19
SP2019,   3ff4df9d,   MATH112,,19
SP2019,   3ff4e12d,   MATH115,,21
SP2019,   3ff4e1cd,   MATH112,,18
SP2019,   3ff4e2bd,   MATH120,,33
SP2019,   3ff4e597,   MATH115,,9
SP2019,   3ff4e5bf,   MATH120,,31
SP2019,   3ff4e763,   MATH120,,31
SP2019,   3ff4e83f,   MATH112,,18
SP2019,   3ff4ea3d,   MATH120,,23
SP2019,   3ff4eaa1,   MATH120,,29
SP2019,   3ff4ebc3,   MATH120,,28
SP2019,   3ff4ebc3,   MATH120,,28
SP2019,   3ff4ec45,   MATH112,,9
SP2019,   3ff4eeb1,   MATH115,,19
SP2019,   3ff4eeb1,   MATH115,,19
SP2019,   3ff4f041,   MATH112,,18
SP2019,   3ff4f05f,   MATH120,,35
SP2019,   3ff4f05f,   MATH120,,35
SP2019,   3ff4f18b,   MATH120,,24
SP2019,   3ff4f2cb,   MATH115,,18
SP2019,   3ff4f32f,   MATH112,,17
SP2019,   3ff4f5af,   MATH112,,13
SP2019,   3ff4f735,   MATH112,,16
SP2019,   3ff4fb27,   MATH112,,22
SP2019,   3ff4fbdb,   MATH115,,22
SP2019,   3ff4fbf9,   MATH112,,20
SP2019,   3ff4fc8f,   MATH120,,29
SP2019,   3ff4fcb7,   MATH115,,25
SP2019,   3ff4fda7,   MATH112,,14
SP2028,   3ff4fe51,   MATH112,,13
SP2019,   3ff4fe83,   MATH120,,29
SP2019,   3ff4ff7d,   MATH120,,23
SP2019,   3ff5009f,   MATH120,,26
SP2019,   3ff50293,   MATH115,,17
SP2019,   3ff50577,   MATH115,,18
SP2019,   3ff505e5,   MATH120,,26
SP2019,   3ff505ef,   MATH115,,11
SP2019,   3ff5063f,   MATH112,,15
SP2019,   3ff50653,   MATH112,,11
SP2019,   3ff50919,   MATH120,,30
SP2019,   3ff509c3,   MATH112,,19
SP2019,   3ff509c3,   MATH112,,17
SP2019,   3ff509e1,   MATH112,,9
SP2019,   3ff50a09,   MATH115,,22
SP2019,   3ff50a8b,   MATH120,,33
SP2019,   3ff50aa9,   MATH112,,17
SP2019,   3ff50ab3,   MATH115,,22
SP2019,   3ff50c11,   MATH115,,13
SP2019,   3ff50c39,   MATH120,,27
SP2019,   3ff50ccf,   MATH120,,28
SP2019,   3ff50dab,   MATH112,,19
SP2019,   3ff50fc7,   MATH120,,32
SP2019,   3ff51053,   MATH112,,13
SP2019,   3ff510fd,   MATH115,,19
SP2019,   3ff51265,   MATH115,,20
SP2019,   3ff514e5,   MATH115,,17
SP2019,   3ff51571,   MATH112,,15
SP2019,   3ff516cf,   MATH112,,19
SP2019,   3ff51747,   MATH120,,30
SP2019,   3ff518d7,   MATH120,,23
SP2019,   3ff52255,   MATH120,,23
SP2019,   3ff523a9,   MATH120,,29
SP2019,   3ff523b3,   MATH120,,30
SP2019,   3ff524a3,   MATH120,,25
SP2019,   3ff52557,   MATH115,,14
SP2019,   3ff52561,   MATH112,,20
SP2019,   3ff52697,   MATH112,,22
SP2019,   3ff52723,   MATH120,,23
SP2019,   3ff52877,   MATH112,,7
SP2019,   3ff52b5b,   MATH115,,12
SP2019,   3ff52b83,   MATH120,,26
SP2019,   3ff52d77,   MATH112,,16
SP2019,   3ff52f89,   MATH120,,24
SP2019,   3ff53001,   MATH120,,36
SP2019,   3ff530f1,   MATH120,,26
SP2019,   3ff532e5,   MATH120,,23
SP2019,   3ff53385,   MATH112,,12
SP2019,   3ff535dd,   MATH115,,18
SP2019,   3ff536ff,   MATH120,,27
SP2019,   3ff53777,   MATH112,,10
SP2019,   3ff5383f,   MATH112,,10
SP2019,   3ff5383f,   MATH112,,13
SP2019,   3ff539b1,   MATH112,,20
SP2019,   3ff539cf,   MATH112,,10
SP2019,   3ff539cf,   MATH112,,10
SP2019,   3ff539ed,   MATH115,,16
SP2019,   3ff53a01,   MATH115,,19
SP2019,   3ff53a29,   MATH115,,22
SP2019,   3ff53d99,   MATH115,,9
SP2019,   3ff53da3,   MATH112,,20
SP2019,   3ff53dd5,   MATH120,,31
SP2019,   3ff53ea7,   MATH115,,15
SP2019,   3ff54019,   MATH115,,20
SP2019,   3ff540a5,   MATH120,,26
SP2019,   3ff5445b,   MATH115,,18
SP2019,   3ff54483,   MATH115,,15
SP2019,   3ff5448d,   MATH112,,10
SP2019,   3ff5448d,   MATH112,,13
SP2019,   3ff5448d,   MATH112,,13
SP2019,   3ff54645,   MATH120,,29
SP2019,   3ff54645,   MATH120,,29
SP2019,   3ff5489d,   MATH120,,26
SP2019,   3ff54951,   MATH112,,14
SP2019,   3ff54acd,   MATH112,,5
SP2019,   3ff54b77,   MATH120,,30
SP2019,   3ff54bf9,   MATH120,,25
SP2019,   3ff54c35,   MATH115,,24
SP2019,   3ff54c85,   MATH120,,31
SP2019,   3ff55045,   MATH112,,13
SP2019,   3ff5504f,   MATH112,,22
SP2019,   3ff55329,   MATH112,,21
SP2019,   3ff553a1,   MATH120,,28
SP2019,   3ff5551d,   MATH112,,16
SP2019,   3ff55563,   MATH112,,20
SP2019,   3ff55711,   MATH112,,11
SP2019,   3ff55725,   MATH115,,17
SP2019,   3ff55743,   MATH115,,18
SP2019,   3ff55793,   MATH120,,24
SP2019,   3ff55829,   MATH112,,12
SP2019,   3ff5583d,   MATH120,,31
SP2019,   3ff5594b,   MATH112,,22
SP2019,   3ff55b71,   MATH115,,24
SP2019,   3ff55c61,   MATH120,,30
SP2019,   3ff55ca7,   MATH115,,25
SP2019,   3ff55f63,   MATH112,,23
SP2019,   3ff55f6d,   MATH115,,17
SP2019,   3ff55f95,   MATH112,,18
SP2019,   3ff55fc7,   MATH112,,10
SP2019,   3ff55fd1,   MATH115,,12
SP2019,   3ff56279,   MATH120,,30
SP2019,   3ff5630f,   MATH120,,29
SP2019,   3ff5632d,   MATH112,,11
SP2019,   3ff56409,   MATH115,,13
SP2019,   3ff564b3,   MATH115,,16
SP2019,   3ff564d1,   MATH112,,19
SP2019,   3ff564db,   MATH115,,13
SP2019,   3ff56567,   MATH120,,26
SP2019,   3ff56585,   MATH120,,31
SP2019,   3ff565b7,   MATH120,,28
SP2019,   3ff56689,   MATH112,,11
SP2019,   3ff56729,   MATH115,,21
SP2019,   3ff567bf,   MATH112,,21
SP2019,   3ff56a2b,   MATH115,,12
SP2019,   3ff56b11,   MATH115,,17
SP2019,   3ff56b39,   MATH120,,35
SP2019,   3ff56c83,   MATH115,,22
SP2019,   3ff56c83,   MATH115,,22
SP2019,   3ff56d37,   MATH115,,19
SP2019,   3ff56e45,   MATH115,,15
SP2019,   3ff56e8b,   MATH115,,24
SP2019,   3ff56fe9,   MATH120,,31
SP2019,   3ff56ffd,   MATH115,,24
SP2019,   3ff57043,   MATH112,,22
SP2019,   3ff5713d,   MATH115,,19
SP2019,   3ff571e7,   MATH112,,17
SP2019,   3ff571e7,   MATH112,,17
SP2019,   3ff571fb,   MATH115,,17
SP2019,   3ff5736d,   MATH112,,22
SP2019,   3ff57593,   MATH112,,14
SP2019,   3ff575ed,   MATH112,,12
SP2019,   3ff575f7,   MATH115,,10
SP2019,   3ff57615,   MATH112,,19
SP2019,   3ff5761f,   MATH112,,19
SP2019,   3ff5761f,   MATH112,,19
SP2019,   3ff5765b,   MATH115,,21
SP2019,   3ff5775f,   MATH120,,26
SP2019,   3ff578ef,   MATH115,,22
SP2019,   3ff57a1b,   MATH120,,26
SP2019,   3ff57a2f,   MATH120,,33
SP2019,   3ff57aed,   MATH112,,12
SP2019,   3ff57b1f,   MATH112,,13
SP2019,   3ff57b79,   MATH120,,27
SP2019,   3ff57b97,   MATH112,,20
SP2019,   3ff57d8b,   MATH120,,24
SP2019,   3ff57e53,   MATH120,,29
SP2019,   3ff57efd,   MATH115,,12
SP2019,   3ff58001,   MATH115,,24
SP2019,   3ff580fb,   MATH115,,14
SP2019,   3ff582bd,   MATH112,,20
SP2019,   3ff58317,   MATH115,,16
SP2019,   3ff58317,   MATH115,,16
SP2019,   3ff583cb,   MATH112,,19
SP2019,   3ff58407,   MATH112,,19
SP2019,   3ff584a7,   MATH115,,22
SP2019,   3ff58533,   MATH115,,9
SP2019,   3ff58551,   MATH112,,18
SP2019,   3ff58579,   MATH120,,33
SP2019,   3ff585c9,   MATH112,,21
SP2019,   3ff585fb,   MATH112,,13
SP2019,   3ff586b9,   MATH112,,16
SP2019,   3ff586c3,   MATH112,,11
SP2019,   3ff5879f,   MATH120,,26
SP2019,   3ff5879f,   MATH120,,27
SP2019,   3ff588fd,   MATH112,,9
SP2019,   3ff588fd,   MATH112,,17
SP2019,   3ff58957,   MATH112,,21
SP2019,   3ff58989,   MATH115,,23
SP2019,   3ff58af1,   MATH112,,20
SP2019,   3ff58af1,   MATH112,,15
SP2019,   3ff58b37,   MATH112,,21
SP2019,   3ff58b69,   MATH112,,11
SP2019,   3ff58c59,   MATH120,,32
SP2019,   3ff58c77,   MATH115,,20
SP2019,   3ff58d99,   MATH112,,13
SP2019,   3ff58f33,   MATH112,,12
SP2019,   3ff58f79,   MATH112,,12
SP2019,   3ff58fa1,   MATH120,,23
SP2019,   3ff58ffb,   MATH112,,21
SP2019,   3ff590f5,   MATH112,,9
SP2019,   3ff590f5,   MATH112,,5
SP2019,   3ff590ff,   MATH112,,19
SP2019,   3ff590ff,   MATH112,,20
SP2019,   3ff5925d,   MATH115,,24
SP2019,   3ff5925d,   MATH115,,23
SP2019,   3ff592cb,   MATH112,,15
SP2019,   3ff5936b,   MATH115,,11
SP2019,   3ff59375,   MATH112,,19
SP2019,   3ff59393,   MATH115,,22
SP2019,   3ff593e3,   MATH115,,25
SP2019,   3ff59541,   MATH112,,17
SP2019,   3ff597fd,   MATH112,,21
SP2019,   3ff5990b,   MATH120,,26
SP2019,   3ff59915,   MATH112,,22
SP2019,   3ff5995b,   MATH120,,26
SP2019,   3ff599b5,   MATH120,,25
SP2019,   3ff599c9,   MATH115,,20
SP2019,   3ff59a41,   MATH115,,17
SP2019,   3ff59a5f,   MATH112,,6
SP2019,   3ff59b59,   MATH112,,25
SP2019,   3ff59bef,   MATH120,,31
SP2019,   3ff59bf9,   MATH120,,25
SP2019,   3ff59c3f,   MATH120,,33
SP2019,   3ff59c99,   MATH112,,19
SP2019,   3ff59c99,   MATH112,,18
SP2019,   3ff59c99,   MATH112,,16
SP2019,   3ff59cad,   MATH112,,3
SP2019,   3ff59dc5,   MATH112,,8
SP2019,   3ff59e33,   MATH112,,21
SP2019,   3ff59ed3,   MATH115,,18
SP2019,   3ff59ef1,   MATH112,,21
SP2019,   3ff59f19,   MATH120,,28
SP2019,   3ff59f19,   MATH120,,28
SP2019,   3ff59f4b,   MATH115,,7
SP2019,   3ff59f73,   MATH112,,19
SP2019,   3ff5a0b3,   MATH115,,23
SP2019,   3ff5a121,   MATH112,,25
SP2019,   3ff5a13f,   MATH120,,28
SP2019,   3ff5a563,   MATH112,,7
SP2019,   3ff5a667,   MATH112,,16
SP2019,   3ff5a711,   MATH112,,17
SP2019,   3ff5a7b1,   MATH112,,11
SP2019,   3ff5a919,   MATH120,,24
SP2019,   3ff5a97d,   MATH115,,23
SP2019,   3ff5a99b,   MATH115,,21
SP2019,   3ff5ab0d,   MATH112,,9
SP2019,   3ff5ab3f,   MATH120,,27
SP2019,   3ff5ab99,   MATH115,,19
SP2019,   3ff5aba3,   MATH120,,27
SP2019,   3ff5abfd,   MATH120,,31
SP2019,   3ff5ac61,   MATH120,,24
SP2019,   3ff5ac75,   MATH112,,24
SP2019,   3ff5acb1,   MATH112,,18
SP2019,   3ff5ad0b,   MATH115,,18
SP2019,   3ff5ad1f,   MATH120,,26
SP2019,   3ff5ad1f,   MATH120,,30
SP2019,   3ff5ad3d,   MATH112,,7
SP2019,   3ff5ad79,   MATH120,,27
SP2019,   3ff5aecd,   MATH115,,23
SP2019,   3ff5aed7,   MATH120,,23
SP2019,   3ff5afdb,   MATH112,,17
SP2019,   3ff5b003,   MATH120,,28
SP2019,   3ff5b00d,   MATH120,,27
SP2019,   3ff5b035,   MATH120,,26
SP2019,   3ff5b07b,   MATH112,,14
SP2019,   3ff5b14d,   MATH120,,26
SP2019,   3ff5b19d,   MATH112,,22
SP2019,   3ff5b1f7,   MATH115,,21
SP2019,   3ff5b251,   MATH112,,18
SP2019,   3ff5b28d,   MATH120,,31
SP2019,   3ff5b297,   MATH120,,35
SP2019,   3ff5b2ab,   MATH112,,21
SP2019,   3ff5b2fb,   MATH120,,33
SP2019,   3ff5b341,   MATH112,,13
SP2019,   3ff5b4db,   MATH120,,25
SP2019,   3ff5b521,   MATH112,,17
SP2019,   3ff5b55d,   MATH112,,14
SP2019,   3ff5b567,   MATH120,,32
SP2019,   3ff5b567,   MATH120,,31
SP2019,   3ff5b5ad,   MATH112,,23
SP2019,   3ff5b8ff,   MATH112,,14
SP2019,   3ff5b9db,   MATH112,,4
SP2019,   3ff5b9db,   MATH112,,12
SP2019,   3ff5bc15,   MATH120,,24
SP2019,   3ff5bc33,   MATH120,,33
SP2019,   3ff5bc47,   MATH120,,28
SP2019,   3ff5c09d,   MATH112,,14
SP2019,   3ff5c16f,   MATH120,,34
SP2019,   3ff5c2a5,   MATH112,,12
SP2019,   3ff5c403,   MATH120,,29
SP2019,   3ff5c42b,   MATH120,,29
SP2019,   3ff5c43f,   MATH120,,32
SP2019,   3ff5c511,   MATH120,,31
SP2019,   3ff5c539,   MATH112,,15
SP2019,   3ff5c589,   MATH120,,29
SP2019,   3ff5c6dd,   MATH115,,23
SP2019,   3ff5c74b,   MATH120,,30
SP2019,   3ff5c755,   MATH112,,15
SP2019,   3ff5c755,   MATH112,,14
SP2019,   3ff5c7cd,   MATH112,,15
SP2019,   3ff5c84f,   MATH115,,16
SP2019,   3ff5c953,   MATH120,,28
SP2019,   3ff5ca4d,   MATH112,,20
SP2019,   3ff5cb47,   MATH112,,20
SP2019,   3ff5cd77,   MATH120,,27
SP2019,   3ff5d0e7,   MATH120,,27
SP2019,   3ff5d371,   MATH120,,30
SP2019,   3ff5d64b,   MATH120,,36
SP2019,   3ff5d83f,   MATH120,,26
SP2023,   3ff5d8a3,   MATH112,,23
SP2019,   3ff68901,   MATH112,,19
SP2033,   3ff6a53f,   MATH112,,14
SP2034,   3ff75aed,   MATH120,,26
SP2031,   3ff75bab,   MATH112,,21
SP2025,   3ff75bb5,   MATH112,,23
SP2027,   3ff775c3,   MATH112,,20
SP2019,   6655a41,   MATH112,,25
SP2019,   6657dff,   MATH112,,25
SP2019,   ca7d753,   MATH120,,36